timestamp,chunk_id,status,strategy,wrapped_div,error_message
2026-01-19T17:12:18.227486,000533_Kufsteiner_Das-Berghotel-112_9783732528110_03,Error,non-chapter,None,"Error code: 404 - {'error': {'message': 'No endpoints found matching your data policy (Free model publication). Configure: https://openrouter.ai/settings/privacy', 'code': 404}}"
2026-01-19T17:12:18.271932,000533_Kufsteiner_Das-Berghotel-112_9783732528110_04,Error,non-chapter,None,"Error code: 404 - {'error': {'message': 'No endpoints found matching your data policy (Free model publication). Configure: https://openrouter.ai/settings/privacy', 'code': 404}}"
2026-01-19T17:12:18.314544,000533_Kufsteiner_Das-Berghotel-112_9783732528110_05_part01,Error,implicit_chapter_stars,None,"Error code: 404 - {'error': {'message': 'No endpoints found matching your data policy (Free model publication). Configure: https://openrouter.ai/settings/privacy', 'code': 404}}"
2026-01-19T17:12:18.536665,000533_Kufsteiner_Das-Berghotel-112_9783732528110_05_part02,Error,implicit_chapter_stars,None,"Error code: 404 - {'error': {'message': 'No endpoints found matching your data policy (Free model publication). Configure: https://openrouter.ai/settings/privacy', 'code': 404}}"
2026-01-19T17:12:18.581888,000533_Kufsteiner_Das-Berghotel-112_9783732528110_05_part03,Error,implicit_chapter_stars,None,"Error code: 404 - {'error': {'message': 'No endpoints found matching your data policy (Free model publication). Configure: https://openrouter.ai/settings/privacy', 'code': 404}}"
2026-01-19T17:12:18.623471,000533_Kufsteiner_Das-Berghotel-112_9783732528110_05_part04,Error,implicit_chapter_stars,None,"Error code: 404 - {'error': {'message': 'No endpoints found matching your data policy (Free model publication). Configure: https://openrouter.ai/settings/privacy', 'code': 404}}"
2026-01-19T17:12:18.668739,000533_Kufsteiner_Das-Berghotel-112_9783732528110_05_part05,Error,implicit_chapter_stars,None,"Error code: 404 - {'error': {'message': 'No endpoints found matching your data policy (Free model publication). Configure: https://openrouter.ai/settings/privacy', 'code': 404}}"
2026-01-19T17:12:18.714806,000533_Kufsteiner_Das-Berghotel-112_9783732528110_05_part06,Error,implicit_chapter_stars,None,"Error code: 404 - {'error': {'message': 'No endpoints found matching your data policy (Free model publication). Configure: https://openrouter.ai/settings/privacy', 'code': 404}}"
2026-01-19T17:12:18.759736,000533_Kufsteiner_Das-Berghotel-112_9783732528110_05_part07,Error,implicit_chapter_stars,None,"Error code: 404 - {'error': {'message': 'No endpoints found matching your data policy (Free model publication). Configure: https://openrouter.ai/settings/privacy', 'code': 404}}"
2026-01-19T17:12:18.800834,000533_Kufsteiner_Das-Berghotel-112_9783732528110_05_part08,Error,implicit_chapter_stars,None,"Error code: 404 - {'error': {'message': 'No endpoints found matching your data policy (Free model publication). Configure: https://openrouter.ai/settings/privacy', 'code': 404}}"
2026-01-19T17:12:18.846671,000533_Kufsteiner_Das-Berghotel-112_9783732528110_05_part09,Error,implicit_chapter_stars,None,"Error code: 404 - {'error': {'message': 'No endpoints found matching your data policy (Free model publication). Configure: https://openrouter.ai/settings/privacy', 'code': 404}}"
2026-01-19T17:12:18.904338,000533_Kufsteiner_Das-Berghotel-112_9783732528110_05_part10,Error,implicit_chapter_stars,None,"Error code: 404 - {'error': {'message': 'No endpoints found matching your data policy (Free model publication). Configure: https://openrouter.ai/settings/privacy', 'code': 404}}"
2026-01-19T17:12:18.951019,000533_Kufsteiner_Das-Berghotel-112_9783732528110_05_part11,Error,implicit_chapter_stars,None,"Error code: 404 - {'error': {'message': 'No endpoints found matching your data policy (Free model publication). Configure: https://openrouter.ai/settings/privacy', 'code': 404}}"
2026-01-19T17:12:18.997305,000533_Kufsteiner_Das-Berghotel-112_9783732528110_05_part12,Error,implicit_chapter_stars,None,"Error code: 404 - {'error': {'message': 'No endpoints found matching your data policy (Free model publication). Configure: https://openrouter.ai/settings/privacy', 'code': 404}}"
2026-01-19T17:12:19.042015,000533_Kufsteiner_Das-Berghotel-112_9783732528110_05_part13,Error,implicit_chapter_stars,None,"Error code: 404 - {'error': {'message': 'No endpoints found matching your data policy (Free model publication). Configure: https://openrouter.ai/settings/privacy', 'code': 404}}"
2026-01-19T17:12:19.083393,000533_Kufsteiner_Das-Berghotel-112_9783732528110_05_part14,Error,implicit_chapter_stars,None,"Error code: 404 - {'error': {'message': 'No endpoints found matching your data policy (Free model publication). Configure: https://openrouter.ai/settings/privacy', 'code': 404}}"
2026-01-19T17:12:19.125049,000533_Kufsteiner_Das-Berghotel-112_9783732528110_05_part15,Error,implicit_chapter_stars,None,"Error code: 404 - {'error': {'message': 'No endpoints found matching your data policy (Free model publication). Configure: https://openrouter.ai/settings/privacy', 'code': 404}}"
2026-01-19T17:12:19.171467,000533_Kufsteiner_Das-Berghotel-112_9783732528110_05_part16,Error,implicit_chapter_stars,None,"Error code: 404 - {'error': {'message': 'No endpoints found matching your data policy (Free model publication). Configure: https://openrouter.ai/settings/privacy', 'code': 404}}"
2026-01-19T17:12:19.219308,000533_Kufsteiner_Das-Berghotel-112_9783732528110_05_part17,Error,implicit_chapter_stars,None,"Error code: 404 - {'error': {'message': 'No endpoints found matching your data policy (Free model publication). Configure: https://openrouter.ai/settings/privacy', 'code': 404}}"
2026-01-19T17:12:19.260939,000533_Kufsteiner_Das-Berghotel-112_9783732528110_05_part18,Error,implicit_chapter_stars,None,"Error code: 404 - {'error': {'message': 'No endpoints found matching your data policy (Free model publication). Configure: https://openrouter.ai/settings/privacy', 'code': 404}}"
2026-01-19T17:12:19.300908,000533_Kufsteiner_Das-Berghotel-112_9783732528110_05_part19,Error,implicit_chapter_stars,None,"Error code: 404 - {'error': {'message': 'No endpoints found matching your data policy (Free model publication). Configure: https://openrouter.ai/settings/privacy', 'code': 404}}"
2026-01-19T17:12:19.341260,000533_Kufsteiner_Das-Berghotel-112_9783732528110_06,Error,non-chapter,None,"Error code: 404 - {'error': {'message': 'No endpoints found matching your data policy (Free model publication). Configure: https://openrouter.ai/settings/privacy', 'code': 404}}"
2026-01-19T17:12:19.382828,000533_Kufsteiner_Das-Berghotel-112_9783732528110_07,Error,non-chapter,None,"Error code: 404 - {'error': {'message': 'No endpoints found matching your data policy (Free model publication). Configure: https://openrouter.ai/settings/privacy', 'code': 404}}"
2026-01-19T17:12:19.423644,000533_Kufsteiner_Das-Berghotel-112_9783732528110_08,Error,non-chapter,None,"Error code: 404 - {'error': {'message': 'No endpoints found matching your data policy (Free model publication). Configure: https://openrouter.ai/settings/privacy', 'code': 404}}"
2026-01-19T17:12:19.471256,"000044_COLLECTION_BACCARA_BAND_362_-_Maureen_Smith,_Jennifer_Greene,_Andrea_Lau_01",Error,non-chapter,None,"Error code: 404 - {'error': {'message': 'No endpoints found matching your data policy (Free model publication). Configure: https://openrouter.ai/settings/privacy', 'code': 404}}"
2026-01-19T17:12:19.513437,"000044_COLLECTION_BACCARA_BAND_362_-_Maureen_Smith,_Jennifer_Greene,_Andrea_Lau_02",Error,non-chapter,None,"Error code: 404 - {'error': {'message': 'No endpoints found matching your data policy (Free model publication). Configure: https://openrouter.ai/settings/privacy', 'code': 404}}"
2026-01-19T17:12:19.558307,"000044_COLLECTION_BACCARA_BAND_362_-_Maureen_Smith,_Jennifer_Greene,_Andrea_Lau_03",Error,non-chapter,None,"Error code: 404 - {'error': {'message': 'No endpoints found matching your data policy (Free model publication). Configure: https://openrouter.ai/settings/privacy', 'code': 404}}"
2026-01-19T17:12:19.600627,"000044_COLLECTION_BACCARA_BAND_362_-_Maureen_Smith,_Jennifer_Greene,_Andrea_Lau_04",Error,non-chapter,None,"Error code: 404 - {'error': {'message': 'No endpoints found matching your data policy (Free model publication). Configure: https://openrouter.ai/settings/privacy', 'code': 404}}"
2026-01-19T17:12:19.645065,"000044_COLLECTION_BACCARA_BAND_362_-_Maureen_Smith,_Jennifer_Greene,_Andrea_Lau_05_01",Error,non-chapter,None,"Error code: 404 - {'error': {'message': 'No endpoints found matching your data policy (Free model publication). Configure: https://openrouter.ai/settings/privacy', 'code': 404}}"
2026-01-19T17:12:19.684292,"000044_COLLECTION_BACCARA_BAND_362_-_Maureen_Smith,_Jennifer_Greene,_Andrea_Lau_05_02",Error,explicit_chapter,None,"Error code: 404 - {'error': {'message': 'No endpoints found matching your data policy (Free model publication). Configure: https://openrouter.ai/settings/privacy', 'code': 404}}"
2026-01-19T17:12:19.726075,"000044_COLLECTION_BACCARA_BAND_362_-_Maureen_Smith,_Jennifer_Greene,_Andrea_Lau_05_03",Error,explicit_chapter,None,"Error code: 404 - {'error': {'message': 'No endpoints found matching your data policy (Free model publication). Configure: https://openrouter.ai/settings/privacy', 'code': 404}}"
2026-01-19T17:12:19.764978,"000044_COLLECTION_BACCARA_BAND_362_-_Maureen_Smith,_Jennifer_Greene,_Andrea_Lau_05_04",Error,explicit_chapter,None,"Error code: 404 - {'error': {'message': 'No endpoints found matching your data policy (Free model publication). Configure: https://openrouter.ai/settings/privacy', 'code': 404}}"
2026-01-19T17:12:19.811807,"000044_COLLECTION_BACCARA_BAND_362_-_Maureen_Smith,_Jennifer_Greene,_Andrea_Lau_05_05",Error,explicit_chapter,None,"Error code: 404 - {'error': {'message': 'No endpoints found matching your data policy (Free model publication). Configure: https://openrouter.ai/settings/privacy', 'code': 404}}"
2026-01-19T17:12:19.852872,"000044_COLLECTION_BACCARA_BAND_362_-_Maureen_Smith,_Jennifer_Greene,_Andrea_Lau_05_06",Error,explicit_chapter,None,"Error code: 404 - {'error': {'message': 'No endpoints found matching your data policy (Free model publication). Configure: https://openrouter.ai/settings/privacy', 'code': 404}}"
2026-01-19T17:12:19.893914,"000044_COLLECTION_BACCARA_BAND_362_-_Maureen_Smith,_Jennifer_Greene,_Andrea_Lau_05_07",Error,explicit_chapter,None,"Error code: 404 - {'error': {'message': 'No endpoints found matching your data policy (Free model publication). Configure: https://openrouter.ai/settings/privacy', 'code': 404}}"
2026-01-19T17:12:19.933005,"000044_COLLECTION_BACCARA_BAND_362_-_Maureen_Smith,_Jennifer_Greene,_Andrea_Lau_05_08",Error,explicit_chapter,None,"Error code: 404 - {'error': {'message': 'No endpoints found matching your data policy (Free model publication). Configure: https://openrouter.ai/settings/privacy', 'code': 404}}"
2026-01-19T17:12:19.973569,"000044_COLLECTION_BACCARA_BAND_362_-_Maureen_Smith,_Jennifer_Greene,_Andrea_Lau_05_09",Error,explicit_chapter,None,"Error code: 404 - {'error': {'message': 'No endpoints found matching your data policy (Free model publication). Configure: https://openrouter.ai/settings/privacy', 'code': 404}}"
2026-01-19T17:12:20.014726,"000044_COLLECTION_BACCARA_BAND_362_-_Maureen_Smith,_Jennifer_Greene,_Andrea_Lau_05_10",Error,explicit_chapter,None,"Error code: 404 - {'error': {'message': 'No endpoints found matching your data policy (Free model publication). Configure: https://openrouter.ai/settings/privacy', 'code': 404}}"
2026-01-19T17:12:20.060230,"000044_COLLECTION_BACCARA_BAND_362_-_Maureen_Smith,_Jennifer_Greene,_Andrea_Lau_05_11",Error,explicit_chapter,None,"Error code: 404 - {'error': {'message': 'No endpoints found matching your data policy (Free model publication). Configure: https://openrouter.ai/settings/privacy', 'code': 404}}"
2026-01-19T17:12:20.103663,"000044_COLLECTION_BACCARA_BAND_362_-_Maureen_Smith,_Jennifer_Greene,_Andrea_Lau_05_12",Error,explicit_chapter,None,"Error code: 404 - {'error': {'message': 'No endpoints found matching your data policy (Free model publication). Configure: https://openrouter.ai/settings/privacy', 'code': 404}}"
2026-01-19T17:12:20.157878,"000044_COLLECTION_BACCARA_BAND_362_-_Maureen_Smith,_Jennifer_Greene,_Andrea_Lau_05_13",Error,explicit_chapter,None,"Error code: 404 - {'error': {'message': 'No endpoints found matching your data policy (Free model publication). Configure: https://openrouter.ai/settings/privacy', 'code': 404}}"
2026-01-19T17:12:20.200120,"000044_COLLECTION_BACCARA_BAND_362_-_Maureen_Smith,_Jennifer_Greene,_Andrea_Lau_05_14",Error,explicit_chapter,None,"Error code: 404 - {'error': {'message': 'No endpoints found matching your data policy (Free model publication). Configure: https://openrouter.ai/settings/privacy', 'code': 404}}"
2026-01-19T17:12:20.244438,"000044_COLLECTION_BACCARA_BAND_362_-_Maureen_Smith,_Jennifer_Greene,_Andrea_Lau_05_15",Error,explicit_chapter,None,"Error code: 404 - {'error': {'message': 'No endpoints found matching your data policy (Free model publication). Configure: https://openrouter.ai/settings/privacy', 'code': 404}}"
2026-01-19T17:12:20.289632,"000044_COLLECTION_BACCARA_BAND_362_-_Maureen_Smith,_Jennifer_Greene,_Andrea_Lau_05_16",Error,non-chapter,None,"Error code: 404 - {'error': {'message': 'No endpoints found matching your data policy (Free model publication). Configure: https://openrouter.ai/settings/privacy', 'code': 404}}"
2026-01-19T17:12:20.333760,"000044_COLLECTION_BACCARA_BAND_362_-_Maureen_Smith,_Jennifer_Greene,_Andrea_Lau_06_01",Error,non-chapter,None,"Error code: 404 - {'error': {'message': 'No endpoints found matching your data policy (Free model publication). Configure: https://openrouter.ai/settings/privacy', 'code': 404}}"
2026-01-19T17:12:20.382459,"000044_COLLECTION_BACCARA_BAND_362_-_Maureen_Smith,_Jennifer_Greene,_Andrea_Lau_06_02",Error,explicit_chapter,None,"Error code: 404 - {'error': {'message': 'No endpoints found matching your data policy (Free model publication). Configure: https://openrouter.ai/settings/privacy', 'code': 404}}"
2026-01-19T17:12:20.440186,"000044_COLLECTION_BACCARA_BAND_362_-_Maureen_Smith,_Jennifer_Greene,_Andrea_Lau_06_03",Error,explicit_chapter,None,"Error code: 404 - {'error': {'message': 'No endpoints found matching your data policy (Free model publication). Configure: https://openrouter.ai/settings/privacy', 'code': 404}}"
2026-01-19T17:12:20.480166,"000044_COLLECTION_BACCARA_BAND_362_-_Maureen_Smith,_Jennifer_Greene,_Andrea_Lau_06_04",Error,explicit_chapter,None,"Error code: 404 - {'error': {'message': 'No endpoints found matching your data policy (Free model publication). Configure: https://openrouter.ai/settings/privacy', 'code': 404}}"
2026-01-19T17:12:20.522427,"000044_COLLECTION_BACCARA_BAND_362_-_Maureen_Smith,_Jennifer_Greene,_Andrea_Lau_06_05",Error,explicit_chapter,None,"Error code: 404 - {'error': {'message': 'No endpoints found matching your data policy (Free model publication). Configure: https://openrouter.ai/settings/privacy', 'code': 404}}"
2026-01-19T17:12:20.562846,"000044_COLLECTION_BACCARA_BAND_362_-_Maureen_Smith,_Jennifer_Greene,_Andrea_Lau_06_06",Error,explicit_chapter,None,"Error code: 404 - {'error': {'message': 'No endpoints found matching your data policy (Free model publication). Configure: https://openrouter.ai/settings/privacy', 'code': 404}}"
2026-01-19T17:12:20.603503,"000044_COLLECTION_BACCARA_BAND_362_-_Maureen_Smith,_Jennifer_Greene,_Andrea_Lau_06_07",Error,explicit_chapter,None,"Error code: 404 - {'error': {'message': 'No endpoints found matching your data policy (Free model publication). Configure: https://openrouter.ai/settings/privacy', 'code': 404}}"
2026-01-19T17:12:20.645254,"000044_COLLECTION_BACCARA_BAND_362_-_Maureen_Smith,_Jennifer_Greene,_Andrea_Lau_06_08",Error,explicit_chapter,None,"Error code: 404 - {'error': {'message': 'No endpoints found matching your data policy (Free model publication). Configure: https://openrouter.ai/settings/privacy', 'code': 404}}"
2026-01-19T17:12:20.683729,"000044_COLLECTION_BACCARA_BAND_362_-_Maureen_Smith,_Jennifer_Greene,_Andrea_Lau_06_09",Error,explicit_chapter,None,"Error code: 404 - {'error': {'message': 'No endpoints found matching your data policy (Free model publication). Configure: https://openrouter.ai/settings/privacy', 'code': 404}}"
2026-01-19T17:12:20.722742,"000044_COLLECTION_BACCARA_BAND_362_-_Maureen_Smith,_Jennifer_Greene,_Andrea_Lau_06_10",Error,explicit_chapter,None,"Error code: 404 - {'error': {'message': 'No endpoints found matching your data policy (Free model publication). Configure: https://openrouter.ai/settings/privacy', 'code': 404}}"
2026-01-19T17:12:20.763669,"000044_COLLECTION_BACCARA_BAND_362_-_Maureen_Smith,_Jennifer_Greene,_Andrea_Lau_06_11",Error,explicit_chapter,None,"Error code: 404 - {'error': {'message': 'No endpoints found matching your data policy (Free model publication). Configure: https://openrouter.ai/settings/privacy', 'code': 404}}"
2026-01-19T17:12:20.804418,"000044_COLLECTION_BACCARA_BAND_362_-_Maureen_Smith,_Jennifer_Greene,_Andrea_Lau_06_12",Error,explicit_chapter,None,"Error code: 404 - {'error': {'message': 'No endpoints found matching your data policy (Free model publication). Configure: https://openrouter.ai/settings/privacy', 'code': 404}}"
2026-01-19T17:12:20.849027,"000044_COLLECTION_BACCARA_BAND_362_-_Maureen_Smith,_Jennifer_Greene,_Andrea_Lau_07_01",Error,non-chapter,None,"Error code: 404 - {'error': {'message': 'No endpoints found matching your data policy (Free model publication). Configure: https://openrouter.ai/settings/privacy', 'code': 404}}"
2026-01-19T17:12:20.902812,"000044_COLLECTION_BACCARA_BAND_362_-_Maureen_Smith,_Jennifer_Greene,_Andrea_Lau_07_02",Error,explicit_chapter,None,"Error code: 404 - {'error': {'message': 'No endpoints found matching your data policy (Free model publication). Configure: https://openrouter.ai/settings/privacy', 'code': 404}}"
2026-01-19T17:12:20.952298,"000044_COLLECTION_BACCARA_BAND_362_-_Maureen_Smith,_Jennifer_Greene,_Andrea_Lau_07_03",Error,explicit_chapter,None,"Error code: 404 - {'error': {'message': 'No endpoints found matching your data policy (Free model publication). Configure: https://openrouter.ai/settings/privacy', 'code': 404}}"
2026-01-19T17:12:20.991543,"000044_COLLECTION_BACCARA_BAND_362_-_Maureen_Smith,_Jennifer_Greene,_Andrea_Lau_07_04",Error,explicit_chapter,None,"Error code: 404 - {'error': {'message': 'No endpoints found matching your data policy (Free model publication). Configure: https://openrouter.ai/settings/privacy', 'code': 404}}"
2026-01-19T17:12:21.033539,"000044_COLLECTION_BACCARA_BAND_362_-_Maureen_Smith,_Jennifer_Greene,_Andrea_Lau_07_05",Error,explicit_chapter,None,"Error code: 404 - {'error': {'message': 'No endpoints found matching your data policy (Free model publication). Configure: https://openrouter.ai/settings/privacy', 'code': 404}}"
2026-01-19T17:12:21.075453,"000044_COLLECTION_BACCARA_BAND_362_-_Maureen_Smith,_Jennifer_Greene,_Andrea_Lau_07_06",Error,explicit_chapter,None,"Error code: 404 - {'error': {'message': 'No endpoints found matching your data policy (Free model publication). Configure: https://openrouter.ai/settings/privacy', 'code': 404}}"
2026-01-19T17:12:21.117627,"000044_COLLECTION_BACCARA_BAND_362_-_Maureen_Smith,_Jennifer_Greene,_Andrea_Lau_07_07",Error,explicit_chapter,None,"Error code: 404 - {'error': {'message': 'No endpoints found matching your data policy (Free model publication). Configure: https://openrouter.ai/settings/privacy', 'code': 404}}"
2026-01-19T17:12:21.157818,"000044_COLLECTION_BACCARA_BAND_362_-_Maureen_Smith,_Jennifer_Greene,_Andrea_Lau_07_08",Error,explicit_chapter,None,"Error code: 404 - {'error': {'message': 'No endpoints found matching your data policy (Free model publication). Configure: https://openrouter.ai/settings/privacy', 'code': 404}}"
2026-01-19T17:12:21.197674,"000044_COLLECTION_BACCARA_BAND_362_-_Maureen_Smith,_Jennifer_Greene,_Andrea_Lau_07_09",Error,explicit_chapter,None,"Error code: 404 - {'error': {'message': 'No endpoints found matching your data policy (Free model publication). Configure: https://openrouter.ai/settings/privacy', 'code': 404}}"
2026-01-19T17:12:21.238434,"000044_COLLECTION_BACCARA_BAND_362_-_Maureen_Smith,_Jennifer_Greene,_Andrea_Lau_07_10",Error,explicit_chapter,None,"Error code: 404 - {'error': {'message': 'No endpoints found matching your data policy (Free model publication). Configure: https://openrouter.ai/settings/privacy', 'code': 404}}"
2026-01-19T17:12:21.280057,"000044_COLLECTION_BACCARA_BAND_362_-_Maureen_Smith,_Jennifer_Greene,_Andrea_Lau_07_11",Error,explicit_chapter,None,"Error code: 404 - {'error': {'message': 'No endpoints found matching your data policy (Free model publication). Configure: https://openrouter.ai/settings/privacy', 'code': 404}}"
2026-01-19T17:12:21.319366,"000044_COLLECTION_BACCARA_BAND_362_-_Maureen_Smith,_Jennifer_Greene,_Andrea_Lau_07_12",Error,explicit_chapter,None,"Error code: 404 - {'error': {'message': 'No endpoints found matching your data policy (Free model publication). Configure: https://openrouter.ai/settings/privacy', 'code': 404}}"
2026-01-19T17:12:21.363029,"000044_COLLECTION_BACCARA_BAND_362_-_Maureen_Smith,_Jennifer_Greene,_Andrea_Lau_07_13",Error,explicit_chapter,None,"Error code: 404 - {'error': {'message': 'No endpoints found matching your data policy (Free model publication). Configure: https://openrouter.ai/settings/privacy', 'code': 404}}"
2026-01-19T17:12:21.407312,"000044_COLLECTION_BACCARA_BAND_362_-_Maureen_Smith,_Jennifer_Greene,_Andrea_Lau_07_14",Error,non-chapter,None,"Error code: 404 - {'error': {'message': 'No endpoints found matching your data policy (Free model publication). Configure: https://openrouter.ai/settings/privacy', 'code': 404}}"
2026-01-19T17:12:21.446962,000871_Vlcek_Das-Haus-Zamis-3_9783751705271_01,Error,non-chapter,None,"Error code: 404 - {'error': {'message': 'No endpoints found matching your data policy (Free model publication). Configure: https://openrouter.ai/settings/privacy', 'code': 404}}"
2026-01-19T17:12:21.488770,000871_Vlcek_Das-Haus-Zamis-3_9783751705271_02,Error,non-chapter,None,"Error code: 404 - {'error': {'message': 'No endpoints found matching your data policy (Free model publication). Configure: https://openrouter.ai/settings/privacy', 'code': 404}}"
2026-01-19T17:12:21.546641,000871_Vlcek_Das-Haus-Zamis-3_9783751705271_03,Error,non-chapter,None,"Error code: 404 - {'error': {'message': 'No endpoints found matching your data policy (Free model publication). Configure: https://openrouter.ai/settings/privacy', 'code': 404}}"
2026-01-19T17:12:21.586367,000871_Vlcek_Das-Haus-Zamis-3_9783751705271_04,Error,non-chapter,None,"Error code: 404 - {'error': {'message': 'No endpoints found matching your data policy (Free model publication). Configure: https://openrouter.ai/settings/privacy', 'code': 404}}"
2026-01-19T17:12:21.624293,000871_Vlcek_Das-Haus-Zamis-3_9783751705271_05,Error,non-chapter,None,"Error code: 404 - {'error': {'message': 'No endpoints found matching your data policy (Free model publication). Configure: https://openrouter.ai/settings/privacy', 'code': 404}}"
2026-01-19T17:12:21.664936,000871_Vlcek_Das-Haus-Zamis-3_9783751705271_06,Error,explicit_chapter,None,"Error code: 404 - {'error': {'message': 'No endpoints found matching your data policy (Free model publication). Configure: https://openrouter.ai/settings/privacy', 'code': 404}}"
2026-01-19T17:12:21.720544,000871_Vlcek_Das-Haus-Zamis-3_9783751705271_07,Error,explicit_chapter,None,"Error code: 404 - {'error': {'message': 'No endpoints found matching your data policy (Free model publication). Configure: https://openrouter.ai/settings/privacy', 'code': 404}}"
2026-01-19T17:12:21.764119,000871_Vlcek_Das-Haus-Zamis-3_9783751705271_08,Error,explicit_chapter,None,"Error code: 404 - {'error': {'message': 'No endpoints found matching your data policy (Free model publication). Configure: https://openrouter.ai/settings/privacy', 'code': 404}}"
2026-01-19T17:12:21.812349,000871_Vlcek_Das-Haus-Zamis-3_9783751705271_09,Error,explicit_chapter,None,"Error code: 404 - {'error': {'message': 'No endpoints found matching your data policy (Free model publication). Configure: https://openrouter.ai/settings/privacy', 'code': 404}}"
2026-01-19T17:12:21.852683,000871_Vlcek_Das-Haus-Zamis-3_9783751705271_10,Error,explicit_chapter,None,"Error code: 404 - {'error': {'message': 'No endpoints found matching your data policy (Free model publication). Configure: https://openrouter.ai/settings/privacy', 'code': 404}}"
2026-01-19T17:12:21.895026,000871_Vlcek_Das-Haus-Zamis-3_9783751705271_11,Error,non-chapter,None,"Error code: 404 - {'error': {'message': 'No endpoints found matching your data policy (Free model publication). Configure: https://openrouter.ai/settings/privacy', 'code': 404}}"
2026-01-19T17:12:21.931960,000871_Vlcek_Das-Haus-Zamis-3_9783751705271_12,Error,non-chapter,None,"Error code: 404 - {'error': {'message': 'No endpoints found matching your data policy (Free model publication). Configure: https://openrouter.ai/settings/privacy', 'code': 404}}"
2026-01-19T17:12:21.979793,000871_Vlcek_Das-Haus-Zamis-3_9783751705271_13,Error,non-chapter,None,"Error code: 404 - {'error': {'message': 'No endpoints found matching your data policy (Free model publication). Configure: https://openrouter.ai/settings/privacy', 'code': 404}}"
2026-01-19T17:12:22.017953,000871_Vlcek_Das-Haus-Zamis-3_9783751705271_14,Error,non-chapter,None,"Error code: 404 - {'error': {'message': 'No endpoints found matching your data policy (Free model publication). Configure: https://openrouter.ai/settings/privacy', 'code': 404}}"
2026-01-19T17:12:22.056207,000887_Vlcek_Dorian-Hunter-46---Horror-Seri_9783732597987_01,Error,non-chapter,None,"Error code: 404 - {'error': {'message': 'No endpoints found matching your data policy (Free model publication). Configure: https://openrouter.ai/settings/privacy', 'code': 404}}"
2026-01-19T17:12:22.095924,000887_Vlcek_Dorian-Hunter-46---Horror-Seri_9783732597987_02,Error,non-chapter,None,"Error code: 404 - {'error': {'message': 'No endpoints found matching your data policy (Free model publication). Configure: https://openrouter.ai/settings/privacy', 'code': 404}}"
2026-01-19T17:12:22.134918,000887_Vlcek_Dorian-Hunter-46---Horror-Seri_9783732597987_03,Error,non-chapter,None,"Error code: 404 - {'error': {'message': 'No endpoints found matching your data policy (Free model publication). Configure: https://openrouter.ai/settings/privacy', 'code': 404}}"
2026-01-19T17:12:22.171802,000887_Vlcek_Dorian-Hunter-46---Horror-Seri_9783732597987_04,Error,non-chapter,None,"Error code: 404 - {'error': {'message': 'No endpoints found matching your data policy (Free model publication). Configure: https://openrouter.ai/settings/privacy', 'code': 404}}"
2026-01-19T17:12:22.209952,000887_Vlcek_Dorian-Hunter-46---Horror-Seri_9783732597987_05,Error,non-chapter,None,"Error code: 404 - {'error': {'message': 'No endpoints found matching your data policy (Free model publication). Configure: https://openrouter.ai/settings/privacy', 'code': 404}}"
2026-01-19T17:12:22.253120,000887_Vlcek_Dorian-Hunter-46---Horror-Seri_9783732597987_06,Error,explicit_chapter,None,"Error code: 404 - {'error': {'message': 'No endpoints found matching your data policy (Free model publication). Configure: https://openrouter.ai/settings/privacy', 'code': 404}}"
2026-01-19T17:12:22.294049,000887_Vlcek_Dorian-Hunter-46---Horror-Seri_9783732597987_07,Error,explicit_chapter,None,"Error code: 404 - {'error': {'message': 'No endpoints found matching your data policy (Free model publication). Configure: https://openrouter.ai/settings/privacy', 'code': 404}}"
2026-01-19T17:12:22.335434,000887_Vlcek_Dorian-Hunter-46---Horror-Seri_9783732597987_08,Error,explicit_chapter,None,"Error code: 404 - {'error': {'message': 'No endpoints found matching your data policy (Free model publication). Configure: https://openrouter.ai/settings/privacy', 'code': 404}}"
2026-01-19T17:12:22.378835,000887_Vlcek_Dorian-Hunter-46---Horror-Seri_9783732597987_09,Error,explicit_chapter,None,"Error code: 404 - {'error': {'message': 'No endpoints found matching your data policy (Free model publication). Configure: https://openrouter.ai/settings/privacy', 'code': 404}}"
2026-01-19T17:12:22.422851,000887_Vlcek_Dorian-Hunter-46---Horror-Seri_9783732597987_10,Error,explicit_chapter,None,"Error code: 404 - {'error': {'message': 'No endpoints found matching your data policy (Free model publication). Configure: https://openrouter.ai/settings/privacy', 'code': 404}}"
2026-01-19T17:12:22.460337,000887_Vlcek_Dorian-Hunter-46---Horror-Seri_9783732597987_11,Error,non-chapter,None,"Error code: 404 - {'error': {'message': 'No endpoints found matching your data policy (Free model publication). Configure: https://openrouter.ai/settings/privacy', 'code': 404}}"
2026-01-19T17:12:22.497528,000887_Vlcek_Dorian-Hunter-46---Horror-Seri_9783732597987_12,Error,non-chapter,None,"Error code: 404 - {'error': {'message': 'No endpoints found matching your data policy (Free model publication). Configure: https://openrouter.ai/settings/privacy', 'code': 404}}"
2026-01-19T17:12:22.534490,000887_Vlcek_Dorian-Hunter-46---Horror-Seri_9783732597987_13,Error,non-chapter,None,"Error code: 404 - {'error': {'message': 'No endpoints found matching your data policy (Free model publication). Configure: https://openrouter.ai/settings/privacy', 'code': 404}}"
2026-01-19T17:12:22.574155,000887_Vlcek_Dorian-Hunter-46---Horror-Seri_9783732597987_14,Error,non-chapter,None,"Error code: 404 - {'error': {'message': 'No endpoints found matching your data policy (Free model publication). Configure: https://openrouter.ai/settings/privacy', 'code': 404}}"
2026-01-19T17:12:22.613190,G. F. Unger Sonder-Edition - Folge 003_ Texas-Marshal (German Edition)_01,Error,non-chapter,None,"Error code: 404 - {'error': {'message': 'No endpoints found matching your data policy (Free model publication). Configure: https://openrouter.ai/settings/privacy', 'code': 404}}"
2026-01-19T17:12:22.650023,G. F. Unger Sonder-Edition - Folge 003_ Texas-Marshal (German Edition)_02,Error,non-chapter,None,"Error code: 404 - {'error': {'message': 'No endpoints found matching your data policy (Free model publication). Configure: https://openrouter.ai/settings/privacy', 'code': 404}}"
2026-01-19T17:12:22.687629,G. F. Unger Sonder-Edition - Folge 003_ Texas-Marshal (German Edition)_03,Error,non-chapter,None,"Error code: 404 - {'error': {'message': 'No endpoints found matching your data policy (Free model publication). Configure: https://openrouter.ai/settings/privacy', 'code': 404}}"
2026-01-19T17:12:22.724697,G. F. Unger Sonder-Edition - Folge 003_ Texas-Marshal (German Edition)_04,Error,non-chapter,None,"Error code: 404 - {'error': {'message': 'No endpoints found matching your data policy (Free model publication). Configure: https://openrouter.ai/settings/privacy', 'code': 404}}"
2026-01-19T17:12:22.763018,G. F. Unger Sonder-Edition - Folge 003_ Texas-Marshal (German Edition)_05,Error,explicit_chapter,None,"Error code: 404 - {'error': {'message': 'No endpoints found matching your data policy (Free model publication). Configure: https://openrouter.ai/settings/privacy', 'code': 404}}"
2026-01-19T17:12:22.810216,G. F. Unger Sonder-Edition - Folge 003_ Texas-Marshal (German Edition)_06,Error,explicit_chapter,None,"Error code: 404 - {'error': {'message': 'No endpoints found matching your data policy (Free model publication). Configure: https://openrouter.ai/settings/privacy', 'code': 404}}"
2026-01-19T17:12:22.849282,G. F. Unger Sonder-Edition - Folge 003_ Texas-Marshal (German Edition)_07,Error,explicit_chapter,None,"Error code: 404 - {'error': {'message': 'No endpoints found matching your data policy (Free model publication). Configure: https://openrouter.ai/settings/privacy', 'code': 404}}"
2026-01-19T17:12:22.889077,G. F. Unger Sonder-Edition - Folge 003_ Texas-Marshal (German Edition)_08,Error,explicit_chapter,None,"Error code: 404 - {'error': {'message': 'No endpoints found matching your data policy (Free model publication). Configure: https://openrouter.ai/settings/privacy', 'code': 404}}"
2026-01-19T17:12:22.937896,G. F. Unger Sonder-Edition - Folge 003_ Texas-Marshal (German Edition)_09,Error,explicit_chapter,None,"Error code: 404 - {'error': {'message': 'No endpoints found matching your data policy (Free model publication). Configure: https://openrouter.ai/settings/privacy', 'code': 404}}"
2026-01-19T17:12:22.978673,G. F. Unger Sonder-Edition - Folge 003_ Texas-Marshal (German Edition)_10,Error,explicit_chapter,None,"Error code: 404 - {'error': {'message': 'No endpoints found matching your data policy (Free model publication). Configure: https://openrouter.ai/settings/privacy', 'code': 404}}"
2026-01-19T17:12:23.017404,G. F. Unger Sonder-Edition - Folge 003_ Texas-Marshal (German Edition)_11,Error,explicit_chapter,None,"Error code: 404 - {'error': {'message': 'No endpoints found matching your data policy (Free model publication). Configure: https://openrouter.ai/settings/privacy', 'code': 404}}"
2026-01-19T17:12:23.058073,G. F. Unger Sonder-Edition - Folge 003_ Texas-Marshal (German Edition)_12,Error,explicit_chapter,None,"Error code: 404 - {'error': {'message': 'No endpoints found matching your data policy (Free model publication). Configure: https://openrouter.ai/settings/privacy', 'code': 404}}"
2026-01-19T17:12:23.095652,G. F. Unger Sonder-Edition - Folge 003_ Texas-Marshal (German Edition)_13,Error,explicit_chapter,None,"Error code: 404 - {'error': {'message': 'No endpoints found matching your data policy (Free model publication). Configure: https://openrouter.ai/settings/privacy', 'code': 404}}"
2026-01-19T17:12:23.135857,G. F. Unger Sonder-Edition - Folge 003_ Texas-Marshal (German Edition)_14,Error,explicit_chapter,None,"Error code: 404 - {'error': {'message': 'No endpoints found matching your data policy (Free model publication). Configure: https://openrouter.ai/settings/privacy', 'code': 404}}"
2026-01-19T17:12:23.190897,G. F. Unger Sonder-Edition - Folge 003_ Texas-Marshal (German Edition)_15,Error,explicit_chapter,None,"Error code: 404 - {'error': {'message': 'No endpoints found matching your data policy (Free model publication). Configure: https://openrouter.ai/settings/privacy', 'code': 404}}"
2026-01-19T17:12:23.231007,G. F. Unger Sonder-Edition - Folge 003_ Texas-Marshal (German Edition)_16,Error,explicit_chapter,None,"Error code: 404 - {'error': {'message': 'No endpoints found matching your data policy (Free model publication). Configure: https://openrouter.ai/settings/privacy', 'code': 404}}"
2026-01-19T17:12:23.270537,G. F. Unger Sonder-Edition - Folge 003_ Texas-Marshal (German Edition)_17,Error,explicit_chapter,None,"Error code: 404 - {'error': {'message': 'No endpoints found matching your data policy (Free model publication). Configure: https://openrouter.ai/settings/privacy', 'code': 404}}"
2026-01-19T17:12:23.307455,G. F. Unger Sonder-Edition - Folge 003_ Texas-Marshal (German Edition)_18,Error,non-chapter,None,"Error code: 404 - {'error': {'message': 'No endpoints found matching your data policy (Free model publication). Configure: https://openrouter.ai/settings/privacy', 'code': 404}}"
2026-01-19T17:12:23.344607,G. F. Unger Sonder-Edition - Folge 003_ Texas-Marshal (German Edition)_19,Error,non-chapter,None,"Error code: 404 - {'error': {'message': 'No endpoints found matching your data policy (Free model publication). Configure: https://openrouter.ai/settings/privacy', 'code': 404}}"
2026-01-19T17:12:23.383954,G. F. Unger Sonder-Edition - Folge 003_ Texas-Marshal (German Edition)_20,Error,non-chapter,None,"Error code: 404 - {'error': {'message': 'No endpoints found matching your data policy (Free model publication). Configure: https://openrouter.ai/settings/privacy', 'code': 404}}"
2026-01-19T17:12:23.421693,G. F. Unger Sonder-Edition - Folge 003_ Texas-Marshal (German Edition)_21,Error,non-chapter,None,"Error code: 404 - {'error': {'message': 'No endpoints found matching your data policy (Free model publication). Configure: https://openrouter.ai/settings/privacy', 'code': 404}}"
2026-01-19T17:12:23.458417,G. F. Unger Sonder-Edition - Folge 003_ Texas-Marshal (German Edition)_22,Error,non-chapter,None,"Error code: 404 - {'error': {'message': 'No endpoints found matching your data policy (Free model publication). Configure: https://openrouter.ai/settings/privacy', 'code': 404}}"
2026-01-19T17:12:23.497687,"000347_Jerry_Cotton_-_Folge_3083__Verw_-_Cotton,_Jerry_01",Error,non-chapter,None,"Error code: 404 - {'error': {'message': 'No endpoints found matching your data policy (Free model publication). Configure: https://openrouter.ai/settings/privacy', 'code': 404}}"
2026-01-19T17:12:23.534706,"000347_Jerry_Cotton_-_Folge_3083__Verw_-_Cotton,_Jerry_02",Error,non-chapter,None,"Error code: 404 - {'error': {'message': 'No endpoints found matching your data policy (Free model publication). Configure: https://openrouter.ai/settings/privacy', 'code': 404}}"
2026-01-19T17:12:23.571985,"000347_Jerry_Cotton_-_Folge_3083__Verw_-_Cotton,_Jerry_03",Error,non-chapter,None,"Error code: 404 - {'error': {'message': 'No endpoints found matching your data policy (Free model publication). Configure: https://openrouter.ai/settings/privacy', 'code': 404}}"
2026-01-19T17:12:23.610723,"000347_Jerry_Cotton_-_Folge_3083__Verw_-_Cotton,_Jerry_04",Error,non-chapter,None,"Error code: 404 - {'error': {'message': 'No endpoints found matching your data policy (Free model publication). Configure: https://openrouter.ai/settings/privacy', 'code': 404}}"
2026-01-19T17:12:23.648166,"000347_Jerry_Cotton_-_Folge_3083__Verw_-_Cotton,_Jerry_05_part01",Error,implicit_chapter_stars,None,"Error code: 404 - {'error': {'message': 'No endpoints found matching your data policy (Free model publication). Configure: https://openrouter.ai/settings/privacy', 'code': 404}}"
2026-01-19T17:12:23.689447,"000347_Jerry_Cotton_-_Folge_3083__Verw_-_Cotton,_Jerry_05_part02",Error,implicit_chapter_stars,None,"Error code: 404 - {'error': {'message': 'No endpoints found matching your data policy (Free model publication). Configure: https://openrouter.ai/settings/privacy', 'code': 404}}"
2026-01-19T17:12:23.729293,"000347_Jerry_Cotton_-_Folge_3083__Verw_-_Cotton,_Jerry_05_part03",Error,implicit_chapter_stars,None,"Error code: 404 - {'error': {'message': 'No endpoints found matching your data policy (Free model publication). Configure: https://openrouter.ai/settings/privacy', 'code': 404}}"
2026-01-19T17:12:23.777374,"000347_Jerry_Cotton_-_Folge_3083__Verw_-_Cotton,_Jerry_05_part04",Error,implicit_chapter_stars,None,"Error code: 404 - {'error': {'message': 'No endpoints found matching your data policy (Free model publication). Configure: https://openrouter.ai/settings/privacy', 'code': 404}}"
2026-01-19T17:12:23.822617,"000347_Jerry_Cotton_-_Folge_3083__Verw_-_Cotton,_Jerry_05_part05",Error,implicit_chapter_stars,None,"Error code: 404 - {'error': {'message': 'No endpoints found matching your data policy (Free model publication). Configure: https://openrouter.ai/settings/privacy', 'code': 404}}"
2026-01-19T17:12:23.859239,"000347_Jerry_Cotton_-_Folge_3083__Verw_-_Cotton,_Jerry_05_part06",Error,implicit_chapter_stars,None,"Error code: 404 - {'error': {'message': 'No endpoints found matching your data policy (Free model publication). Configure: https://openrouter.ai/settings/privacy', 'code': 404}}"
2026-01-19T17:12:23.897928,"000347_Jerry_Cotton_-_Folge_3083__Verw_-_Cotton,_Jerry_05_part07",Error,implicit_chapter_stars,None,"Error code: 404 - {'error': {'message': 'No endpoints found matching your data policy (Free model publication). Configure: https://openrouter.ai/settings/privacy', 'code': 404}}"
2026-01-19T17:12:23.935926,"000347_Jerry_Cotton_-_Folge_3083__Verw_-_Cotton,_Jerry_05_part08",Error,implicit_chapter_stars,None,"Error code: 404 - {'error': {'message': 'No endpoints found matching your data policy (Free model publication). Configure: https://openrouter.ai/settings/privacy', 'code': 404}}"
2026-01-19T17:12:23.974960,"000347_Jerry_Cotton_-_Folge_3083__Verw_-_Cotton,_Jerry_05_part09",Error,implicit_chapter_stars,None,"Error code: 404 - {'error': {'message': 'No endpoints found matching your data policy (Free model publication). Configure: https://openrouter.ai/settings/privacy', 'code': 404}}"
2026-01-19T17:12:24.014287,"000347_Jerry_Cotton_-_Folge_3083__Verw_-_Cotton,_Jerry_05_part10",Error,implicit_chapter_stars,None,"Error code: 404 - {'error': {'message': 'No endpoints found matching your data policy (Free model publication). Configure: https://openrouter.ai/settings/privacy', 'code': 404}}"
2026-01-19T17:12:24.052972,"000347_Jerry_Cotton_-_Folge_3083__Verw_-_Cotton,_Jerry_05_part11",Error,implicit_chapter_stars,None,"Error code: 404 - {'error': {'message': 'No endpoints found matching your data policy (Free model publication). Configure: https://openrouter.ai/settings/privacy', 'code': 404}}"
2026-01-19T17:12:24.090134,"000347_Jerry_Cotton_-_Folge_3083__Verw_-_Cotton,_Jerry_05_part12",Error,implicit_chapter_stars,None,"Error code: 404 - {'error': {'message': 'No endpoints found matching your data policy (Free model publication). Configure: https://openrouter.ai/settings/privacy', 'code': 404}}"
2026-01-19T17:12:24.128747,"000347_Jerry_Cotton_-_Folge_3083__Verw_-_Cotton,_Jerry_05_part13",Error,implicit_chapter_stars,None,"Error code: 404 - {'error': {'message': 'No endpoints found matching your data policy (Free model publication). Configure: https://openrouter.ai/settings/privacy', 'code': 404}}"
2026-01-19T17:12:24.182569,"000347_Jerry_Cotton_-_Folge_3083__Verw_-_Cotton,_Jerry_05_part14",Error,implicit_chapter_stars,None,"Error code: 404 - {'error': {'message': 'No endpoints found matching your data policy (Free model publication). Configure: https://openrouter.ai/settings/privacy', 'code': 404}}"
2026-01-19T17:12:24.222304,"000347_Jerry_Cotton_-_Folge_3083__Verw_-_Cotton,_Jerry_05_part15",Error,implicit_chapter_stars,None,"Error code: 404 - {'error': {'message': 'No endpoints found matching your data policy (Free model publication). Configure: https://openrouter.ai/settings/privacy', 'code': 404}}"
2026-01-19T17:12:24.263803,"000347_Jerry_Cotton_-_Folge_3083__Verw_-_Cotton,_Jerry_05_part16",Error,implicit_chapter_stars,None,"Error code: 404 - {'error': {'message': 'No endpoints found matching your data policy (Free model publication). Configure: https://openrouter.ai/settings/privacy', 'code': 404}}"
2026-01-19T17:12:24.303908,"000347_Jerry_Cotton_-_Folge_3083__Verw_-_Cotton,_Jerry_05_part17",Error,implicit_chapter_stars,None,"Error code: 404 - {'error': {'message': 'No endpoints found matching your data policy (Free model publication). Configure: https://openrouter.ai/settings/privacy', 'code': 404}}"
2026-01-19T17:12:24.340929,"000347_Jerry_Cotton_-_Folge_3083__Verw_-_Cotton,_Jerry_05_part18",Error,implicit_chapter_stars,None,"Error code: 404 - {'error': {'message': 'No endpoints found matching your data policy (Free model publication). Configure: https://openrouter.ai/settings/privacy', 'code': 404}}"
2026-01-19T17:12:24.389089,"000347_Jerry_Cotton_-_Folge_3083__Verw_-_Cotton,_Jerry_05_part19",Error,implicit_chapter_stars,None,"Error code: 404 - {'error': {'message': 'No endpoints found matching your data policy (Free model publication). Configure: https://openrouter.ai/settings/privacy', 'code': 404}}"
2026-01-19T17:12:24.427088,"000347_Jerry_Cotton_-_Folge_3083__Verw_-_Cotton,_Jerry_05_part20",Error,implicit_chapter_stars,None,"Error code: 404 - {'error': {'message': 'No endpoints found matching your data policy (Free model publication). Configure: https://openrouter.ai/settings/privacy', 'code': 404}}"
2026-01-19T17:12:24.465078,"000347_Jerry_Cotton_-_Folge_3083__Verw_-_Cotton,_Jerry_05_part21",Error,implicit_chapter_stars,None,"Error code: 404 - {'error': {'message': 'No endpoints found matching your data policy (Free model publication). Configure: https://openrouter.ai/settings/privacy', 'code': 404}}"
2026-01-19T17:12:24.506024,"000347_Jerry_Cotton_-_Folge_3083__Verw_-_Cotton,_Jerry_05_part22",Error,implicit_chapter_stars,None,"Error code: 404 - {'error': {'message': 'No endpoints found matching your data policy (Free model publication). Configure: https://openrouter.ai/settings/privacy', 'code': 404}}"
2026-01-19T17:12:24.546185,"000347_Jerry_Cotton_-_Folge_3083__Verw_-_Cotton,_Jerry_05_part23",Error,implicit_chapter_stars,None,"Error code: 404 - {'error': {'message': 'No endpoints found matching your data policy (Free model publication). Configure: https://openrouter.ai/settings/privacy', 'code': 404}}"
2026-01-19T17:12:24.585586,"000347_Jerry_Cotton_-_Folge_3083__Verw_-_Cotton,_Jerry_05_part24",Error,implicit_chapter_stars,None,"Error code: 404 - {'error': {'message': 'No endpoints found matching your data policy (Free model publication). Configure: https://openrouter.ai/settings/privacy', 'code': 404}}"
2026-01-19T17:12:24.625639,"000347_Jerry_Cotton_-_Folge_3083__Verw_-_Cotton,_Jerry_05_part25",Error,implicit_chapter_stars,None,"Error code: 404 - {'error': {'message': 'No endpoints found matching your data policy (Free model publication). Configure: https://openrouter.ai/settings/privacy', 'code': 404}}"
2026-01-19T17:12:24.669241,"000347_Jerry_Cotton_-_Folge_3083__Verw_-_Cotton,_Jerry_05_part26",Error,implicit_chapter_stars,None,"Error code: 404 - {'error': {'message': 'No endpoints found matching your data policy (Free model publication). Configure: https://openrouter.ai/settings/privacy', 'code': 404}}"
2026-01-19T17:12:24.710853,"000347_Jerry_Cotton_-_Folge_3083__Verw_-_Cotton,_Jerry_05_part27",Error,implicit_chapter_stars,None,"Error code: 404 - {'error': {'message': 'No endpoints found matching your data policy (Free model publication). Configure: https://openrouter.ai/settings/privacy', 'code': 404}}"
2026-01-19T17:12:24.749316,"000347_Jerry_Cotton_-_Folge_3083__Verw_-_Cotton,_Jerry_05_part28",Error,implicit_chapter_stars,None,"Error code: 404 - {'error': {'message': 'No endpoints found matching your data policy (Free model publication). Configure: https://openrouter.ai/settings/privacy', 'code': 404}}"
2026-01-19T17:12:24.789101,"000347_Jerry_Cotton_-_Folge_3083__Verw_-_Cotton,_Jerry_05_part29",Error,implicit_chapter_stars,None,"Error code: 404 - {'error': {'message': 'No endpoints found matching your data policy (Free model publication). Configure: https://openrouter.ai/settings/privacy', 'code': 404}}"
2026-01-19T17:12:24.830316,"000347_Jerry_Cotton_-_Folge_3083__Verw_-_Cotton,_Jerry_05_part30",Error,implicit_chapter_stars,None,"Error code: 404 - {'error': {'message': 'No endpoints found matching your data policy (Free model publication). Configure: https://openrouter.ai/settings/privacy', 'code': 404}}"
2026-01-19T17:12:24.869152,"000347_Jerry_Cotton_-_Folge_3083__Verw_-_Cotton,_Jerry_05_part31",Error,implicit_chapter_stars,None,"Error code: 404 - {'error': {'message': 'No endpoints found matching your data policy (Free model publication). Configure: https://openrouter.ai/settings/privacy', 'code': 404}}"
2026-01-19T17:12:24.909916,"000347_Jerry_Cotton_-_Folge_3083__Verw_-_Cotton,_Jerry_05_part32",Error,implicit_chapter_stars,None,"Error code: 404 - {'error': {'message': 'No endpoints found matching your data policy (Free model publication). Configure: https://openrouter.ai/settings/privacy', 'code': 404}}"
2026-01-19T17:12:24.953683,"000347_Jerry_Cotton_-_Folge_3083__Verw_-_Cotton,_Jerry_05_part33",Error,implicit_chapter_stars,None,"Error code: 404 - {'error': {'message': 'No endpoints found matching your data policy (Free model publication). Configure: https://openrouter.ai/settings/privacy', 'code': 404}}"
2026-01-19T17:12:24.992256,"000347_Jerry_Cotton_-_Folge_3083__Verw_-_Cotton,_Jerry_05_part34",Error,implicit_chapter_stars,None,"Error code: 404 - {'error': {'message': 'No endpoints found matching your data policy (Free model publication). Configure: https://openrouter.ai/settings/privacy', 'code': 404}}"
2026-01-19T17:12:25.030083,"000347_Jerry_Cotton_-_Folge_3083__Verw_-_Cotton,_Jerry_05_part35",Error,implicit_chapter_stars,None,"Error code: 404 - {'error': {'message': 'No endpoints found matching your data policy (Free model publication). Configure: https://openrouter.ai/settings/privacy', 'code': 404}}"
2026-01-19T17:12:25.071086,"000347_Jerry_Cotton_-_Folge_3083__Verw_-_Cotton,_Jerry_05_part36",Error,implicit_chapter_stars,None,"Error code: 404 - {'error': {'message': 'No endpoints found matching your data policy (Free model publication). Configure: https://openrouter.ai/settings/privacy', 'code': 404}}"
2026-01-19T17:12:25.110644,"000347_Jerry_Cotton_-_Folge_3083__Verw_-_Cotton,_Jerry_05_part37",Error,implicit_chapter_stars,None,"Error code: 404 - {'error': {'message': 'No endpoints found matching your data policy (Free model publication). Configure: https://openrouter.ai/settings/privacy', 'code': 404}}"
2026-01-19T17:12:25.151546,"000347_Jerry_Cotton_-_Folge_3083__Verw_-_Cotton,_Jerry_05_part38",Error,implicit_chapter_stars,None,"Error code: 404 - {'error': {'message': 'No endpoints found matching your data policy (Free model publication). Configure: https://openrouter.ai/settings/privacy', 'code': 404}}"
2026-01-19T17:12:25.190205,"000347_Jerry_Cotton_-_Folge_3083__Verw_-_Cotton,_Jerry_05_part39",Error,implicit_chapter_stars,None,"Error code: 404 - {'error': {'message': 'No endpoints found matching your data policy (Free model publication). Configure: https://openrouter.ai/settings/privacy', 'code': 404}}"
2026-01-19T17:12:25.254354,"000347_Jerry_Cotton_-_Folge_3083__Verw_-_Cotton,_Jerry_05_part40",Error,implicit_chapter_stars,None,"Error code: 404 - {'error': {'message': 'No endpoints found matching your data policy (Free model publication). Configure: https://openrouter.ai/settings/privacy', 'code': 404}}"
2026-01-19T17:12:25.292969,"000347_Jerry_Cotton_-_Folge_3083__Verw_-_Cotton,_Jerry_05_part41",Error,implicit_chapter_stars,None,"Error code: 404 - {'error': {'message': 'No endpoints found matching your data policy (Free model publication). Configure: https://openrouter.ai/settings/privacy', 'code': 404}}"
2026-01-19T17:12:25.336085,"000347_Jerry_Cotton_-_Folge_3083__Verw_-_Cotton,_Jerry_05_part42",Error,implicit_chapter_stars,None,"Error code: 404 - {'error': {'message': 'No endpoints found matching your data policy (Free model publication). Configure: https://openrouter.ai/settings/privacy', 'code': 404}}"
2026-01-19T17:12:25.375440,"000347_Jerry_Cotton_-_Folge_3083__Verw_-_Cotton,_Jerry_05_part43",Error,implicit_chapter_stars,None,"Error code: 404 - {'error': {'message': 'No endpoints found matching your data policy (Free model publication). Configure: https://openrouter.ai/settings/privacy', 'code': 404}}"
2026-01-19T17:12:25.414878,"000347_Jerry_Cotton_-_Folge_3083__Verw_-_Cotton,_Jerry_05_part44",Error,implicit_chapter_stars,None,"Error code: 404 - {'error': {'message': 'No endpoints found matching your data policy (Free model publication). Configure: https://openrouter.ai/settings/privacy', 'code': 404}}"
2026-01-19T17:12:25.454067,"000347_Jerry_Cotton_-_Folge_3083__Verw_-_Cotton,_Jerry_06",Error,non-chapter,None,"Error code: 404 - {'error': {'message': 'No endpoints found matching your data policy (Free model publication). Configure: https://openrouter.ai/settings/privacy', 'code': 404}}"
2026-01-19T17:12:25.498482,"000347_Jerry_Cotton_-_Folge_3083__Verw_-_Cotton,_Jerry_07",Error,non-chapter,None,"Error code: 404 - {'error': {'message': 'No endpoints found matching your data policy (Free model publication). Configure: https://openrouter.ai/settings/privacy', 'code': 404}}"
2026-01-19T17:12:25.536751,"000347_Jerry_Cotton_-_Folge_3083__Verw_-_Cotton,_Jerry_08",Error,non-chapter,None,"Error code: 404 - {'error': {'message': 'No endpoints found matching your data policy (Free model publication). Configure: https://openrouter.ai/settings/privacy', 'code': 404}}"
2026-01-19T17:12:25.575839,"000347_Jerry_Cotton_-_Folge_3083__Verw_-_Cotton,_Jerry_09",Error,explicit_chapter,None,"Error code: 404 - {'error': {'message': 'No endpoints found matching your data policy (Free model publication). Configure: https://openrouter.ai/settings/privacy', 'code': 404}}"
2026-01-19T17:12:25.627090,000151_Fernthaler_Alpengold-265_9783732560165_02,Error,non-chapter,None,"Error code: 404 - {'error': {'message': 'No endpoints found matching your data policy (Free model publication). Configure: https://openrouter.ai/settings/privacy', 'code': 404}}"
2026-01-19T17:12:25.667859,000151_Fernthaler_Alpengold-265_9783732560165_03,Error,non-chapter,None,"Error code: 404 - {'error': {'message': 'No endpoints found matching your data policy (Free model publication). Configure: https://openrouter.ai/settings/privacy', 'code': 404}}"
2026-01-19T17:12:25.714869,000151_Fernthaler_Alpengold-265_9783732560165_04,Error,non-chapter,None,"Error code: 404 - {'error': {'message': 'No endpoints found matching your data policy (Free model publication). Configure: https://openrouter.ai/settings/privacy', 'code': 404}}"
2026-01-19T17:12:25.761040,000151_Fernthaler_Alpengold-265_9783732560165_05_part01,Error,implicit_chapter_stars,None,"Error code: 404 - {'error': {'message': 'No endpoints found matching your data policy (Free model publication). Configure: https://openrouter.ai/settings/privacy', 'code': 404}}"
2026-01-19T17:12:25.799359,000151_Fernthaler_Alpengold-265_9783732560165_05_part02,Error,implicit_chapter_stars,None,"Error code: 404 - {'error': {'message': 'No endpoints found matching your data policy (Free model publication). Configure: https://openrouter.ai/settings/privacy', 'code': 404}}"
2026-01-19T17:12:25.838288,000151_Fernthaler_Alpengold-265_9783732560165_05_part03,Error,implicit_chapter_stars,None,"Error code: 404 - {'error': {'message': 'No endpoints found matching your data policy (Free model publication). Configure: https://openrouter.ai/settings/privacy', 'code': 404}}"
2026-01-19T17:12:25.878325,000151_Fernthaler_Alpengold-265_9783732560165_05_part04,Error,implicit_chapter_stars,None,"Error code: 404 - {'error': {'message': 'No endpoints found matching your data policy (Free model publication). Configure: https://openrouter.ai/settings/privacy', 'code': 404}}"
2026-01-19T17:12:25.918086,000151_Fernthaler_Alpengold-265_9783732560165_05_part05,Error,implicit_chapter_stars,None,"Error code: 404 - {'error': {'message': 'No endpoints found matching your data policy (Free model publication). Configure: https://openrouter.ai/settings/privacy', 'code': 404}}"
2026-01-19T17:12:25.960407,000151_Fernthaler_Alpengold-265_9783732560165_05_part06,Error,implicit_chapter_stars,None,"Error code: 404 - {'error': {'message': 'No endpoints found matching your data policy (Free model publication). Configure: https://openrouter.ai/settings/privacy', 'code': 404}}"
2026-01-19T17:12:26.004732,000151_Fernthaler_Alpengold-265_9783732560165_05_part07,Error,implicit_chapter_stars,None,"Error code: 404 - {'error': {'message': 'No endpoints found matching your data policy (Free model publication). Configure: https://openrouter.ai/settings/privacy', 'code': 404}}"
2026-01-19T17:12:26.043537,000151_Fernthaler_Alpengold-265_9783732560165_05_part08,Error,implicit_chapter_stars,None,"Error code: 404 - {'error': {'message': 'No endpoints found matching your data policy (Free model publication). Configure: https://openrouter.ai/settings/privacy', 'code': 404}}"
2026-01-19T17:12:26.080639,000151_Fernthaler_Alpengold-265_9783732560165_05_part09,Error,implicit_chapter_stars,None,"Error code: 404 - {'error': {'message': 'No endpoints found matching your data policy (Free model publication). Configure: https://openrouter.ai/settings/privacy', 'code': 404}}"
2026-01-19T17:12:26.119154,000151_Fernthaler_Alpengold-265_9783732560165_05_part10,Error,implicit_chapter_stars,None,"Error code: 404 - {'error': {'message': 'No endpoints found matching your data policy (Free model publication). Configure: https://openrouter.ai/settings/privacy', 'code': 404}}"
2026-01-19T17:12:26.156630,000151_Fernthaler_Alpengold-265_9783732560165_05_part11,Error,implicit_chapter_stars,None,"Error code: 404 - {'error': {'message': 'No endpoints found matching your data policy (Free model publication). Configure: https://openrouter.ai/settings/privacy', 'code': 404}}"
2026-01-19T17:12:26.194572,000151_Fernthaler_Alpengold-265_9783732560165_05_part12,Error,implicit_chapter_stars,None,"Error code: 404 - {'error': {'message': 'No endpoints found matching your data policy (Free model publication). Configure: https://openrouter.ai/settings/privacy', 'code': 404}}"
2026-01-19T17:12:26.234110,000151_Fernthaler_Alpengold-265_9783732560165_05_part13,Error,implicit_chapter_stars,None,"Error code: 404 - {'error': {'message': 'No endpoints found matching your data policy (Free model publication). Configure: https://openrouter.ai/settings/privacy', 'code': 404}}"
2026-01-19T17:12:26.276894,000151_Fernthaler_Alpengold-265_9783732560165_05_part14,Error,implicit_chapter_stars,None,"Error code: 404 - {'error': {'message': 'No endpoints found matching your data policy (Free model publication). Configure: https://openrouter.ai/settings/privacy', 'code': 404}}"
2026-01-19T17:12:26.322788,000151_Fernthaler_Alpengold-265_9783732560165_05_part15,Error,implicit_chapter_stars,None,"Error code: 404 - {'error': {'message': 'No endpoints found matching your data policy (Free model publication). Configure: https://openrouter.ai/settings/privacy', 'code': 404}}"
2026-01-19T17:12:26.369205,000151_Fernthaler_Alpengold-265_9783732560165_05_part16,Error,implicit_chapter_stars,None,"Error code: 404 - {'error': {'message': 'No endpoints found matching your data policy (Free model publication). Configure: https://openrouter.ai/settings/privacy', 'code': 404}}"
2026-01-19T17:12:26.415952,000151_Fernthaler_Alpengold-265_9783732560165_05_part17,Error,implicit_chapter_stars,None,"Error code: 404 - {'error': {'message': 'No endpoints found matching your data policy (Free model publication). Configure: https://openrouter.ai/settings/privacy', 'code': 404}}"
2026-01-19T17:12:26.454194,000151_Fernthaler_Alpengold-265_9783732560165_05_part18,Error,implicit_chapter_stars,None,"Error code: 404 - {'error': {'message': 'No endpoints found matching your data policy (Free model publication). Configure: https://openrouter.ai/settings/privacy', 'code': 404}}"
2026-01-19T17:12:26.494007,000151_Fernthaler_Alpengold-265_9783732560165_05_part19,Error,implicit_chapter_stars,None,"Error code: 404 - {'error': {'message': 'No endpoints found matching your data policy (Free model publication). Configure: https://openrouter.ai/settings/privacy', 'code': 404}}"
2026-01-19T17:12:26.533894,000151_Fernthaler_Alpengold-265_9783732560165_05_part20,Error,implicit_chapter_stars,None,"Error code: 404 - {'error': {'message': 'No endpoints found matching your data policy (Free model publication). Configure: https://openrouter.ai/settings/privacy', 'code': 404}}"
2026-01-19T17:12:26.571840,000151_Fernthaler_Alpengold-265_9783732560165_05_part21,Error,implicit_chapter_stars,None,"Error code: 404 - {'error': {'message': 'No endpoints found matching your data policy (Free model publication). Configure: https://openrouter.ai/settings/privacy', 'code': 404}}"
2026-01-19T17:12:26.609209,000151_Fernthaler_Alpengold-265_9783732560165_05_part22,Error,implicit_chapter_stars,None,"Error code: 404 - {'error': {'message': 'No endpoints found matching your data policy (Free model publication). Configure: https://openrouter.ai/settings/privacy', 'code': 404}}"
2026-01-19T17:12:26.648428,000151_Fernthaler_Alpengold-265_9783732560165_05_part23,Error,implicit_chapter_stars,None,"Error code: 404 - {'error': {'message': 'No endpoints found matching your data policy (Free model publication). Configure: https://openrouter.ai/settings/privacy', 'code': 404}}"
2026-01-19T17:12:26.686862,000151_Fernthaler_Alpengold-265_9783732560165_06,Error,non-chapter,None,"Error code: 404 - {'error': {'message': 'No endpoints found matching your data policy (Free model publication). Configure: https://openrouter.ai/settings/privacy', 'code': 404}}"
2026-01-19T17:12:26.723048,000151_Fernthaler_Alpengold-265_9783732560165_07,Error,non-chapter,None,"Error code: 404 - {'error': {'message': 'No endpoints found matching your data policy (Free model publication). Configure: https://openrouter.ai/settings/privacy', 'code': 404}}"
2026-01-19T17:12:26.759896,000151_Fernthaler_Alpengold-265_9783732560165_08,Error,non-chapter,None,"Error code: 404 - {'error': {'message': 'No endpoints found matching your data policy (Free model publication). Configure: https://openrouter.ai/settings/privacy', 'code': 404}}"
2026-01-19T17:34:39.455137,000533_Kufsteiner_Das-Berghotel-112_9783732528110_03,Error,non-chapter,None,"Error code: 404 - {'error': {'message': 'No endpoints found matching your data policy (Free model publication). Configure: https://openrouter.ai/settings/privacy', 'code': 404}}"
2026-01-19T17:34:39.493549,000533_Kufsteiner_Das-Berghotel-112_9783732528110_04,Error,non-chapter,None,"Error code: 404 - {'error': {'message': 'No endpoints found matching your data policy (Free model publication). Configure: https://openrouter.ai/settings/privacy', 'code': 404}}"
2026-01-19T17:34:39.554178,000533_Kufsteiner_Das-Berghotel-112_9783732528110_05_part01,Error,implicit_chapter_stars,None,"Error code: 404 - {'error': {'message': 'No endpoints found matching your data policy (Free model publication). Configure: https://openrouter.ai/settings/privacy', 'code': 404}}"
2026-01-19T17:34:39.603531,000533_Kufsteiner_Das-Berghotel-112_9783732528110_05_part02,Error,implicit_chapter_stars,None,"Error code: 404 - {'error': {'message': 'No endpoints found matching your data policy (Free model publication). Configure: https://openrouter.ai/settings/privacy', 'code': 404}}"
2026-01-19T17:34:39.640354,000533_Kufsteiner_Das-Berghotel-112_9783732528110_05_part03,Error,implicit_chapter_stars,None,"Error code: 404 - {'error': {'message': 'No endpoints found matching your data policy (Free model publication). Configure: https://openrouter.ai/settings/privacy', 'code': 404}}"
2026-01-19T17:34:39.681051,000533_Kufsteiner_Das-Berghotel-112_9783732528110_05_part04,Error,implicit_chapter_stars,None,"Error code: 404 - {'error': {'message': 'No endpoints found matching your data policy (Free model publication). Configure: https://openrouter.ai/settings/privacy', 'code': 404}}"
2026-01-19T17:34:39.719003,000533_Kufsteiner_Das-Berghotel-112_9783732528110_05_part05,Error,implicit_chapter_stars,None,"Error code: 404 - {'error': {'message': 'No endpoints found matching your data policy (Free model publication). Configure: https://openrouter.ai/settings/privacy', 'code': 404}}"
2026-01-19T17:34:39.761669,000533_Kufsteiner_Das-Berghotel-112_9783732528110_05_part06,Error,implicit_chapter_stars,None,"Error code: 404 - {'error': {'message': 'No endpoints found matching your data policy (Free model publication). Configure: https://openrouter.ai/settings/privacy', 'code': 404}}"
2026-01-19T17:34:39.802371,000533_Kufsteiner_Das-Berghotel-112_9783732528110_05_part07,Error,implicit_chapter_stars,None,"Error code: 404 - {'error': {'message': 'No endpoints found matching your data policy (Free model publication). Configure: https://openrouter.ai/settings/privacy', 'code': 404}}"
2026-01-19T17:34:39.838934,000533_Kufsteiner_Das-Berghotel-112_9783732528110_05_part08,Error,implicit_chapter_stars,None,"Error code: 404 - {'error': {'message': 'No endpoints found matching your data policy (Free model publication). Configure: https://openrouter.ai/settings/privacy', 'code': 404}}"
2026-01-19T17:34:39.874300,000533_Kufsteiner_Das-Berghotel-112_9783732528110_05_part09,Error,implicit_chapter_stars,None,"Error code: 404 - {'error': {'message': 'No endpoints found matching your data policy (Free model publication). Configure: https://openrouter.ai/settings/privacy', 'code': 404}}"
2026-01-19T17:34:39.910694,000533_Kufsteiner_Das-Berghotel-112_9783732528110_05_part10,Error,implicit_chapter_stars,None,"Error code: 404 - {'error': {'message': 'No endpoints found matching your data policy (Free model publication). Configure: https://openrouter.ai/settings/privacy', 'code': 404}}"
2026-01-19T17:34:39.949244,000533_Kufsteiner_Das-Berghotel-112_9783732528110_05_part11,Error,implicit_chapter_stars,None,"Error code: 404 - {'error': {'message': 'No endpoints found matching your data policy (Free model publication). Configure: https://openrouter.ai/settings/privacy', 'code': 404}}"
2026-01-19T17:34:39.985813,000533_Kufsteiner_Das-Berghotel-112_9783732528110_05_part12,Error,implicit_chapter_stars,None,"Error code: 404 - {'error': {'message': 'No endpoints found matching your data policy (Free model publication). Configure: https://openrouter.ai/settings/privacy', 'code': 404}}"
2026-01-19T17:34:40.022053,000533_Kufsteiner_Das-Berghotel-112_9783732528110_05_part13,Error,implicit_chapter_stars,None,"Error code: 404 - {'error': {'message': 'No endpoints found matching your data policy (Free model publication). Configure: https://openrouter.ai/settings/privacy', 'code': 404}}"
2026-01-19T17:34:40.060171,000533_Kufsteiner_Das-Berghotel-112_9783732528110_05_part14,Error,implicit_chapter_stars,None,"Error code: 404 - {'error': {'message': 'No endpoints found matching your data policy (Free model publication). Configure: https://openrouter.ai/settings/privacy', 'code': 404}}"
2026-01-19T17:34:40.096767,000533_Kufsteiner_Das-Berghotel-112_9783732528110_05_part15,Error,implicit_chapter_stars,None,"Error code: 404 - {'error': {'message': 'No endpoints found matching your data policy (Free model publication). Configure: https://openrouter.ai/settings/privacy', 'code': 404}}"
2026-01-19T17:34:40.131692,000533_Kufsteiner_Das-Berghotel-112_9783732528110_05_part16,Error,implicit_chapter_stars,None,"Error code: 404 - {'error': {'message': 'No endpoints found matching your data policy (Free model publication). Configure: https://openrouter.ai/settings/privacy', 'code': 404}}"
2026-01-19T17:34:40.166252,000533_Kufsteiner_Das-Berghotel-112_9783732528110_05_part17,Error,implicit_chapter_stars,None,"Error code: 404 - {'error': {'message': 'No endpoints found matching your data policy (Free model publication). Configure: https://openrouter.ai/settings/privacy', 'code': 404}}"
2026-01-19T17:34:40.201295,000533_Kufsteiner_Das-Berghotel-112_9783732528110_05_part18,Error,implicit_chapter_stars,None,"Error code: 404 - {'error': {'message': 'No endpoints found matching your data policy (Free model publication). Configure: https://openrouter.ai/settings/privacy', 'code': 404}}"
2026-01-19T17:34:40.238643,000533_Kufsteiner_Das-Berghotel-112_9783732528110_05_part19,Error,implicit_chapter_stars,None,"Error code: 404 - {'error': {'message': 'No endpoints found matching your data policy (Free model publication). Configure: https://openrouter.ai/settings/privacy', 'code': 404}}"
2026-01-19T17:34:40.288212,000533_Kufsteiner_Das-Berghotel-112_9783732528110_06,Error,non-chapter,None,"Error code: 404 - {'error': {'message': 'No endpoints found matching your data policy (Free model publication). Configure: https://openrouter.ai/settings/privacy', 'code': 404}}"
2026-01-19T17:34:40.323053,000533_Kufsteiner_Das-Berghotel-112_9783732528110_07,Error,non-chapter,None,"Error code: 404 - {'error': {'message': 'No endpoints found matching your data policy (Free model publication). Configure: https://openrouter.ai/settings/privacy', 'code': 404}}"
2026-01-19T17:34:40.359759,000533_Kufsteiner_Das-Berghotel-112_9783732528110_08,Error,non-chapter,None,"Error code: 404 - {'error': {'message': 'No endpoints found matching your data policy (Free model publication). Configure: https://openrouter.ai/settings/privacy', 'code': 404}}"
2026-01-19T17:34:40.400464,"000044_COLLECTION_BACCARA_BAND_362_-_Maureen_Smith,_Jennifer_Greene,_Andrea_Lau_01",Error,non-chapter,None,"Error code: 404 - {'error': {'message': 'No endpoints found matching your data policy (Free model publication). Configure: https://openrouter.ai/settings/privacy', 'code': 404}}"
2026-01-19T17:34:40.434193,"000044_COLLECTION_BACCARA_BAND_362_-_Maureen_Smith,_Jennifer_Greene,_Andrea_Lau_02",Error,non-chapter,None,"Error code: 404 - {'error': {'message': 'No endpoints found matching your data policy (Free model publication). Configure: https://openrouter.ai/settings/privacy', 'code': 404}}"
2026-01-19T17:34:40.469217,"000044_COLLECTION_BACCARA_BAND_362_-_Maureen_Smith,_Jennifer_Greene,_Andrea_Lau_03",Error,non-chapter,None,"Error code: 404 - {'error': {'message': 'No endpoints found matching your data policy (Free model publication). Configure: https://openrouter.ai/settings/privacy', 'code': 404}}"
2026-01-19T17:34:40.505498,"000044_COLLECTION_BACCARA_BAND_362_-_Maureen_Smith,_Jennifer_Greene,_Andrea_Lau_04",Error,non-chapter,None,"Error code: 404 - {'error': {'message': 'No endpoints found matching your data policy (Free model publication). Configure: https://openrouter.ai/settings/privacy', 'code': 404}}"
2026-01-19T17:34:40.542770,"000044_COLLECTION_BACCARA_BAND_362_-_Maureen_Smith,_Jennifer_Greene,_Andrea_Lau_05_01",Error,non-chapter,None,"Error code: 404 - {'error': {'message': 'No endpoints found matching your data policy (Free model publication). Configure: https://openrouter.ai/settings/privacy', 'code': 404}}"
2026-01-19T17:34:40.579237,"000044_COLLECTION_BACCARA_BAND_362_-_Maureen_Smith,_Jennifer_Greene,_Andrea_Lau_05_02",Error,explicit_chapter,None,"Error code: 404 - {'error': {'message': 'No endpoints found matching your data policy (Free model publication). Configure: https://openrouter.ai/settings/privacy', 'code': 404}}"
2026-01-19T17:34:40.617854,"000044_COLLECTION_BACCARA_BAND_362_-_Maureen_Smith,_Jennifer_Greene,_Andrea_Lau_05_03",Error,explicit_chapter,None,"Error code: 404 - {'error': {'message': 'No endpoints found matching your data policy (Free model publication). Configure: https://openrouter.ai/settings/privacy', 'code': 404}}"
2026-01-19T17:34:40.679942,"000044_COLLECTION_BACCARA_BAND_362_-_Maureen_Smith,_Jennifer_Greene,_Andrea_Lau_05_04",Error,explicit_chapter,None,"Error code: 404 - {'error': {'message': 'No endpoints found matching your data policy (Free model publication). Configure: https://openrouter.ai/settings/privacy', 'code': 404}}"
2026-01-19T17:34:40.715897,"000044_COLLECTION_BACCARA_BAND_362_-_Maureen_Smith,_Jennifer_Greene,_Andrea_Lau_05_05",Error,explicit_chapter,None,"Error code: 404 - {'error': {'message': 'No endpoints found matching your data policy (Free model publication). Configure: https://openrouter.ai/settings/privacy', 'code': 404}}"
2026-01-19T17:34:40.751835,"000044_COLLECTION_BACCARA_BAND_362_-_Maureen_Smith,_Jennifer_Greene,_Andrea_Lau_05_06",Error,explicit_chapter,None,"Error code: 404 - {'error': {'message': 'No endpoints found matching your data policy (Free model publication). Configure: https://openrouter.ai/settings/privacy', 'code': 404}}"
2026-01-19T17:34:40.785780,"000044_COLLECTION_BACCARA_BAND_362_-_Maureen_Smith,_Jennifer_Greene,_Andrea_Lau_05_07",Error,explicit_chapter,None,"Error code: 404 - {'error': {'message': 'No endpoints found matching your data policy (Free model publication). Configure: https://openrouter.ai/settings/privacy', 'code': 404}}"
2026-01-19T17:34:40.821603,"000044_COLLECTION_BACCARA_BAND_362_-_Maureen_Smith,_Jennifer_Greene,_Andrea_Lau_05_08",Error,explicit_chapter,None,"Error code: 404 - {'error': {'message': 'No endpoints found matching your data policy (Free model publication). Configure: https://openrouter.ai/settings/privacy', 'code': 404}}"
2026-01-19T17:34:40.858021,"000044_COLLECTION_BACCARA_BAND_362_-_Maureen_Smith,_Jennifer_Greene,_Andrea_Lau_05_09",Error,explicit_chapter,None,"Error code: 404 - {'error': {'message': 'No endpoints found matching your data policy (Free model publication). Configure: https://openrouter.ai/settings/privacy', 'code': 404}}"
2026-01-19T17:34:40.898097,"000044_COLLECTION_BACCARA_BAND_362_-_Maureen_Smith,_Jennifer_Greene,_Andrea_Lau_05_10",Error,explicit_chapter,None,"Error code: 404 - {'error': {'message': 'No endpoints found matching your data policy (Free model publication). Configure: https://openrouter.ai/settings/privacy', 'code': 404}}"
2026-01-19T17:34:40.936520,"000044_COLLECTION_BACCARA_BAND_362_-_Maureen_Smith,_Jennifer_Greene,_Andrea_Lau_05_11",Error,explicit_chapter,None,"Error code: 404 - {'error': {'message': 'No endpoints found matching your data policy (Free model publication). Configure: https://openrouter.ai/settings/privacy', 'code': 404}}"
2026-01-19T17:34:40.974236,"000044_COLLECTION_BACCARA_BAND_362_-_Maureen_Smith,_Jennifer_Greene,_Andrea_Lau_05_12",Error,explicit_chapter,None,"Error code: 404 - {'error': {'message': 'No endpoints found matching your data policy (Free model publication). Configure: https://openrouter.ai/settings/privacy', 'code': 404}}"
2026-01-19T17:34:41.007569,"000044_COLLECTION_BACCARA_BAND_362_-_Maureen_Smith,_Jennifer_Greene,_Andrea_Lau_05_13",Error,explicit_chapter,None,"Error code: 404 - {'error': {'message': 'No endpoints found matching your data policy (Free model publication). Configure: https://openrouter.ai/settings/privacy', 'code': 404}}"
2026-01-19T17:34:41.040556,"000044_COLLECTION_BACCARA_BAND_362_-_Maureen_Smith,_Jennifer_Greene,_Andrea_Lau_05_14",Error,explicit_chapter,None,"Error code: 404 - {'error': {'message': 'No endpoints found matching your data policy (Free model publication). Configure: https://openrouter.ai/settings/privacy', 'code': 404}}"
2026-01-19T17:34:41.074818,"000044_COLLECTION_BACCARA_BAND_362_-_Maureen_Smith,_Jennifer_Greene,_Andrea_Lau_05_15",Error,explicit_chapter,None,"Error code: 404 - {'error': {'message': 'No endpoints found matching your data policy (Free model publication). Configure: https://openrouter.ai/settings/privacy', 'code': 404}}"
2026-01-19T17:34:41.107112,"000044_COLLECTION_BACCARA_BAND_362_-_Maureen_Smith,_Jennifer_Greene,_Andrea_Lau_05_16",Error,non-chapter,None,"Error code: 404 - {'error': {'message': 'No endpoints found matching your data policy (Free model publication). Configure: https://openrouter.ai/settings/privacy', 'code': 404}}"
2026-01-19T17:34:41.144672,"000044_COLLECTION_BACCARA_BAND_362_-_Maureen_Smith,_Jennifer_Greene,_Andrea_Lau_06_01",Error,non-chapter,None,"Error code: 404 - {'error': {'message': 'No endpoints found matching your data policy (Free model publication). Configure: https://openrouter.ai/settings/privacy', 'code': 404}}"
2026-01-19T17:34:41.180762,"000044_COLLECTION_BACCARA_BAND_362_-_Maureen_Smith,_Jennifer_Greene,_Andrea_Lau_06_02",Error,explicit_chapter,None,"Error code: 404 - {'error': {'message': 'No endpoints found matching your data policy (Free model publication). Configure: https://openrouter.ai/settings/privacy', 'code': 404}}"
2026-01-19T17:34:41.214496,"000044_COLLECTION_BACCARA_BAND_362_-_Maureen_Smith,_Jennifer_Greene,_Andrea_Lau_06_03",Error,explicit_chapter,None,"Error code: 404 - {'error': {'message': 'No endpoints found matching your data policy (Free model publication). Configure: https://openrouter.ai/settings/privacy', 'code': 404}}"
2026-01-19T17:34:41.250293,"000044_COLLECTION_BACCARA_BAND_362_-_Maureen_Smith,_Jennifer_Greene,_Andrea_Lau_06_04",Error,explicit_chapter,None,"Error code: 404 - {'error': {'message': 'No endpoints found matching your data policy (Free model publication). Configure: https://openrouter.ai/settings/privacy', 'code': 404}}"
2026-01-19T17:34:41.285287,"000044_COLLECTION_BACCARA_BAND_362_-_Maureen_Smith,_Jennifer_Greene,_Andrea_Lau_06_05",Error,explicit_chapter,None,"Error code: 404 - {'error': {'message': 'No endpoints found matching your data policy (Free model publication). Configure: https://openrouter.ai/settings/privacy', 'code': 404}}"
2026-01-19T17:34:41.322916,"000044_COLLECTION_BACCARA_BAND_362_-_Maureen_Smith,_Jennifer_Greene,_Andrea_Lau_06_06",Error,explicit_chapter,None,"Error code: 404 - {'error': {'message': 'No endpoints found matching your data policy (Free model publication). Configure: https://openrouter.ai/settings/privacy', 'code': 404}}"
2026-01-19T17:34:41.367366,"000044_COLLECTION_BACCARA_BAND_362_-_Maureen_Smith,_Jennifer_Greene,_Andrea_Lau_06_07",Error,explicit_chapter,None,"Error code: 404 - {'error': {'message': 'No endpoints found matching your data policy (Free model publication). Configure: https://openrouter.ai/settings/privacy', 'code': 404}}"
2026-01-19T17:34:41.401295,"000044_COLLECTION_BACCARA_BAND_362_-_Maureen_Smith,_Jennifer_Greene,_Andrea_Lau_06_08",Error,explicit_chapter,None,"Error code: 404 - {'error': {'message': 'No endpoints found matching your data policy (Free model publication). Configure: https://openrouter.ai/settings/privacy', 'code': 404}}"
2026-01-19T17:34:41.435000,"000044_COLLECTION_BACCARA_BAND_362_-_Maureen_Smith,_Jennifer_Greene,_Andrea_Lau_06_09",Error,explicit_chapter,None,"Error code: 404 - {'error': {'message': 'No endpoints found matching your data policy (Free model publication). Configure: https://openrouter.ai/settings/privacy', 'code': 404}}"
2026-01-19T17:34:41.468487,"000044_COLLECTION_BACCARA_BAND_362_-_Maureen_Smith,_Jennifer_Greene,_Andrea_Lau_06_10",Error,explicit_chapter,None,"Error code: 404 - {'error': {'message': 'No endpoints found matching your data policy (Free model publication). Configure: https://openrouter.ai/settings/privacy', 'code': 404}}"
2026-01-19T17:34:41.505810,"000044_COLLECTION_BACCARA_BAND_362_-_Maureen_Smith,_Jennifer_Greene,_Andrea_Lau_06_11",Error,explicit_chapter,None,"Error code: 404 - {'error': {'message': 'No endpoints found matching your data policy (Free model publication). Configure: https://openrouter.ai/settings/privacy', 'code': 404}}"
2026-01-19T17:34:41.547514,"000044_COLLECTION_BACCARA_BAND_362_-_Maureen_Smith,_Jennifer_Greene,_Andrea_Lau_06_12",Error,explicit_chapter,None,"Error code: 404 - {'error': {'message': 'No endpoints found matching your data policy (Free model publication). Configure: https://openrouter.ai/settings/privacy', 'code': 404}}"
2026-01-19T17:34:41.582772,"000044_COLLECTION_BACCARA_BAND_362_-_Maureen_Smith,_Jennifer_Greene,_Andrea_Lau_07_01",Error,non-chapter,None,"Error code: 404 - {'error': {'message': 'No endpoints found matching your data policy (Free model publication). Configure: https://openrouter.ai/settings/privacy', 'code': 404}}"
2026-01-19T17:34:41.622213,"000044_COLLECTION_BACCARA_BAND_362_-_Maureen_Smith,_Jennifer_Greene,_Andrea_Lau_07_02",Error,explicit_chapter,None,"Error code: 404 - {'error': {'message': 'No endpoints found matching your data policy (Free model publication). Configure: https://openrouter.ai/settings/privacy', 'code': 404}}"
2026-01-19T17:34:41.656595,"000044_COLLECTION_BACCARA_BAND_362_-_Maureen_Smith,_Jennifer_Greene,_Andrea_Lau_07_03",Error,explicit_chapter,None,"Error code: 404 - {'error': {'message': 'No endpoints found matching your data policy (Free model publication). Configure: https://openrouter.ai/settings/privacy', 'code': 404}}"
2026-01-19T17:34:41.693123,"000044_COLLECTION_BACCARA_BAND_362_-_Maureen_Smith,_Jennifer_Greene,_Andrea_Lau_07_04",Error,explicit_chapter,None,"Error code: 404 - {'error': {'message': 'No endpoints found matching your data policy (Free model publication). Configure: https://openrouter.ai/settings/privacy', 'code': 404}}"
2026-01-19T17:34:41.730849,"000044_COLLECTION_BACCARA_BAND_362_-_Maureen_Smith,_Jennifer_Greene,_Andrea_Lau_07_05",Error,explicit_chapter,None,"Error code: 404 - {'error': {'message': 'No endpoints found matching your data policy (Free model publication). Configure: https://openrouter.ai/settings/privacy', 'code': 404}}"
2026-01-19T17:34:41.775247,"000044_COLLECTION_BACCARA_BAND_362_-_Maureen_Smith,_Jennifer_Greene,_Andrea_Lau_07_06",Error,explicit_chapter,None,"Error code: 404 - {'error': {'message': 'No endpoints found matching your data policy (Free model publication). Configure: https://openrouter.ai/settings/privacy', 'code': 404}}"
2026-01-19T17:34:41.816181,"000044_COLLECTION_BACCARA_BAND_362_-_Maureen_Smith,_Jennifer_Greene,_Andrea_Lau_07_07",Error,explicit_chapter,None,"Error code: 404 - {'error': {'message': 'No endpoints found matching your data policy (Free model publication). Configure: https://openrouter.ai/settings/privacy', 'code': 404}}"
2026-01-19T17:34:41.851764,"000044_COLLECTION_BACCARA_BAND_362_-_Maureen_Smith,_Jennifer_Greene,_Andrea_Lau_07_08",Error,explicit_chapter,None,"Error code: 404 - {'error': {'message': 'No endpoints found matching your data policy (Free model publication). Configure: https://openrouter.ai/settings/privacy', 'code': 404}}"
2026-01-19T17:34:41.887743,"000044_COLLECTION_BACCARA_BAND_362_-_Maureen_Smith,_Jennifer_Greene,_Andrea_Lau_07_09",Error,explicit_chapter,None,"Error code: 404 - {'error': {'message': 'No endpoints found matching your data policy (Free model publication). Configure: https://openrouter.ai/settings/privacy', 'code': 404}}"
2026-01-19T17:34:41.943450,"000044_COLLECTION_BACCARA_BAND_362_-_Maureen_Smith,_Jennifer_Greene,_Andrea_Lau_07_10",Error,explicit_chapter,None,"Error code: 404 - {'error': {'message': 'No endpoints found matching your data policy (Free model publication). Configure: https://openrouter.ai/settings/privacy', 'code': 404}}"
2026-01-19T17:34:41.981414,"000044_COLLECTION_BACCARA_BAND_362_-_Maureen_Smith,_Jennifer_Greene,_Andrea_Lau_07_11",Error,explicit_chapter,None,"Error code: 404 - {'error': {'message': 'No endpoints found matching your data policy (Free model publication). Configure: https://openrouter.ai/settings/privacy', 'code': 404}}"
2026-01-19T17:34:42.016124,"000044_COLLECTION_BACCARA_BAND_362_-_Maureen_Smith,_Jennifer_Greene,_Andrea_Lau_07_12",Error,explicit_chapter,None,"Error code: 404 - {'error': {'message': 'No endpoints found matching your data policy (Free model publication). Configure: https://openrouter.ai/settings/privacy', 'code': 404}}"
2026-01-19T17:34:42.056395,"000044_COLLECTION_BACCARA_BAND_362_-_Maureen_Smith,_Jennifer_Greene,_Andrea_Lau_07_13",Error,explicit_chapter,None,"Error code: 404 - {'error': {'message': 'No endpoints found matching your data policy (Free model publication). Configure: https://openrouter.ai/settings/privacy', 'code': 404}}"
2026-01-19T17:34:42.089270,"000044_COLLECTION_BACCARA_BAND_362_-_Maureen_Smith,_Jennifer_Greene,_Andrea_Lau_07_14",Error,non-chapter,None,"Error code: 404 - {'error': {'message': 'No endpoints found matching your data policy (Free model publication). Configure: https://openrouter.ai/settings/privacy', 'code': 404}}"
2026-01-19T17:34:42.123916,000871_Vlcek_Das-Haus-Zamis-3_9783751705271_01,Error,non-chapter,None,"Error code: 404 - {'error': {'message': 'No endpoints found matching your data policy (Free model publication). Configure: https://openrouter.ai/settings/privacy', 'code': 404}}"
2026-01-19T17:34:42.158367,000871_Vlcek_Das-Haus-Zamis-3_9783751705271_02,Error,non-chapter,None,"Error code: 404 - {'error': {'message': 'No endpoints found matching your data policy (Free model publication). Configure: https://openrouter.ai/settings/privacy', 'code': 404}}"
2026-01-19T17:34:42.193228,000871_Vlcek_Das-Haus-Zamis-3_9783751705271_03,Error,non-chapter,None,"Error code: 404 - {'error': {'message': 'No endpoints found matching your data policy (Free model publication). Configure: https://openrouter.ai/settings/privacy', 'code': 404}}"
2026-01-19T17:34:42.232192,000871_Vlcek_Das-Haus-Zamis-3_9783751705271_04,Error,non-chapter,None,"Error code: 404 - {'error': {'message': 'No endpoints found matching your data policy (Free model publication). Configure: https://openrouter.ai/settings/privacy', 'code': 404}}"
2026-01-19T17:34:42.266813,000871_Vlcek_Das-Haus-Zamis-3_9783751705271_05,Error,non-chapter,None,"Error code: 404 - {'error': {'message': 'No endpoints found matching your data policy (Free model publication). Configure: https://openrouter.ai/settings/privacy', 'code': 404}}"
2026-01-19T17:34:42.302781,000871_Vlcek_Das-Haus-Zamis-3_9783751705271_06,Error,explicit_chapter,None,"Error code: 404 - {'error': {'message': 'No endpoints found matching your data policy (Free model publication). Configure: https://openrouter.ai/settings/privacy', 'code': 404}}"
2026-01-19T17:34:42.352517,000871_Vlcek_Das-Haus-Zamis-3_9783751705271_07,Error,explicit_chapter,None,"Error code: 404 - {'error': {'message': 'No endpoints found matching your data policy (Free model publication). Configure: https://openrouter.ai/settings/privacy', 'code': 404}}"
2026-01-19T17:34:42.391600,000871_Vlcek_Das-Haus-Zamis-3_9783751705271_08,Error,explicit_chapter,None,"Error code: 404 - {'error': {'message': 'No endpoints found matching your data policy (Free model publication). Configure: https://openrouter.ai/settings/privacy', 'code': 404}}"
2026-01-19T17:34:42.428422,000871_Vlcek_Das-Haus-Zamis-3_9783751705271_09,Error,explicit_chapter,None,"Error code: 404 - {'error': {'message': 'No endpoints found matching your data policy (Free model publication). Configure: https://openrouter.ai/settings/privacy', 'code': 404}}"
2026-01-19T17:34:42.462008,000871_Vlcek_Das-Haus-Zamis-3_9783751705271_10,Error,explicit_chapter,None,"Error code: 404 - {'error': {'message': 'No endpoints found matching your data policy (Free model publication). Configure: https://openrouter.ai/settings/privacy', 'code': 404}}"
2026-01-19T17:34:42.499556,000871_Vlcek_Das-Haus-Zamis-3_9783751705271_11,Error,non-chapter,None,"Error code: 404 - {'error': {'message': 'No endpoints found matching your data policy (Free model publication). Configure: https://openrouter.ai/settings/privacy', 'code': 404}}"
2026-01-19T17:34:42.532198,000871_Vlcek_Das-Haus-Zamis-3_9783751705271_12,Error,non-chapter,None,"Error code: 404 - {'error': {'message': 'No endpoints found matching your data policy (Free model publication). Configure: https://openrouter.ai/settings/privacy', 'code': 404}}"
2026-01-19T17:34:42.566139,000871_Vlcek_Das-Haus-Zamis-3_9783751705271_13,Error,non-chapter,None,"Error code: 404 - {'error': {'message': 'No endpoints found matching your data policy (Free model publication). Configure: https://openrouter.ai/settings/privacy', 'code': 404}}"
2026-01-19T17:34:42.902588,000871_Vlcek_Das-Haus-Zamis-3_9783751705271_14,Error,non-chapter,None,"Error code: 404 - {'error': {'message': 'No endpoints found matching your data policy (Free model publication). Configure: https://openrouter.ai/settings/privacy', 'code': 404}}"
2026-01-19T17:34:42.939077,000887_Vlcek_Dorian-Hunter-46---Horror-Seri_9783732597987_01,Error,non-chapter,None,"Error code: 404 - {'error': {'message': 'No endpoints found matching your data policy (Free model publication). Configure: https://openrouter.ai/settings/privacy', 'code': 404}}"
2026-01-19T17:34:42.974166,000887_Vlcek_Dorian-Hunter-46---Horror-Seri_9783732597987_02,Error,non-chapter,None,"Error code: 404 - {'error': {'message': 'No endpoints found matching your data policy (Free model publication). Configure: https://openrouter.ai/settings/privacy', 'code': 404}}"
2026-01-19T17:34:43.065479,000887_Vlcek_Dorian-Hunter-46---Horror-Seri_9783732597987_03,Error,non-chapter,None,"Error code: 404 - {'error': {'message': 'No endpoints found matching your data policy (Free model publication). Configure: https://openrouter.ai/settings/privacy', 'code': 404}}"
2026-01-19T17:34:43.098593,000887_Vlcek_Dorian-Hunter-46---Horror-Seri_9783732597987_04,Error,non-chapter,None,"Error code: 404 - {'error': {'message': 'No endpoints found matching your data policy (Free model publication). Configure: https://openrouter.ai/settings/privacy', 'code': 404}}"
2026-01-19T17:34:43.134690,000887_Vlcek_Dorian-Hunter-46---Horror-Seri_9783732597987_05,Error,non-chapter,None,"Error code: 404 - {'error': {'message': 'No endpoints found matching your data policy (Free model publication). Configure: https://openrouter.ai/settings/privacy', 'code': 404}}"
2026-01-19T17:34:43.172283,000887_Vlcek_Dorian-Hunter-46---Horror-Seri_9783732597987_06,Error,explicit_chapter,None,"Error code: 404 - {'error': {'message': 'No endpoints found matching your data policy (Free model publication). Configure: https://openrouter.ai/settings/privacy', 'code': 404}}"
2026-01-19T17:34:43.213272,000887_Vlcek_Dorian-Hunter-46---Horror-Seri_9783732597987_07,Error,explicit_chapter,None,"Error code: 404 - {'error': {'message': 'No endpoints found matching your data policy (Free model publication). Configure: https://openrouter.ai/settings/privacy', 'code': 404}}"
2026-01-19T17:34:43.248560,000887_Vlcek_Dorian-Hunter-46---Horror-Seri_9783732597987_08,Error,explicit_chapter,None,"Error code: 404 - {'error': {'message': 'No endpoints found matching your data policy (Free model publication). Configure: https://openrouter.ai/settings/privacy', 'code': 404}}"
2026-01-19T17:34:43.293792,000887_Vlcek_Dorian-Hunter-46---Horror-Seri_9783732597987_09,Error,explicit_chapter,None,"Error code: 404 - {'error': {'message': 'No endpoints found matching your data policy (Free model publication). Configure: https://openrouter.ai/settings/privacy', 'code': 404}}"
2026-01-19T17:34:43.333048,000887_Vlcek_Dorian-Hunter-46---Horror-Seri_9783732597987_10,Error,explicit_chapter,None,"Error code: 404 - {'error': {'message': 'No endpoints found matching your data policy (Free model publication). Configure: https://openrouter.ai/settings/privacy', 'code': 404}}"
2026-01-19T17:34:43.366920,000887_Vlcek_Dorian-Hunter-46---Horror-Seri_9783732597987_11,Error,non-chapter,None,"Error code: 404 - {'error': {'message': 'No endpoints found matching your data policy (Free model publication). Configure: https://openrouter.ai/settings/privacy', 'code': 404}}"
2026-01-19T17:34:43.404451,000887_Vlcek_Dorian-Hunter-46---Horror-Seri_9783732597987_12,Error,non-chapter,None,"Error code: 404 - {'error': {'message': 'No endpoints found matching your data policy (Free model publication). Configure: https://openrouter.ai/settings/privacy', 'code': 404}}"
2026-01-19T17:34:43.435604,000887_Vlcek_Dorian-Hunter-46---Horror-Seri_9783732597987_13,Error,non-chapter,None,"Error code: 404 - {'error': {'message': 'No endpoints found matching your data policy (Free model publication). Configure: https://openrouter.ai/settings/privacy', 'code': 404}}"
2026-01-19T17:34:43.472273,000887_Vlcek_Dorian-Hunter-46---Horror-Seri_9783732597987_14,Error,non-chapter,None,"Error code: 404 - {'error': {'message': 'No endpoints found matching your data policy (Free model publication). Configure: https://openrouter.ai/settings/privacy', 'code': 404}}"
2026-01-19T17:34:43.862745,G. F. Unger Sonder-Edition - Folge 003_ Texas-Marshal (German Edition)_01,Error,non-chapter,None,"Error code: 404 - {'error': {'message': 'No endpoints found matching your data policy (Free model publication). Configure: https://openrouter.ai/settings/privacy', 'code': 404}}"
2026-01-19T17:34:43.899197,G. F. Unger Sonder-Edition - Folge 003_ Texas-Marshal (German Edition)_02,Error,non-chapter,None,"Error code: 404 - {'error': {'message': 'No endpoints found matching your data policy (Free model publication). Configure: https://openrouter.ai/settings/privacy', 'code': 404}}"
2026-01-19T17:34:43.932125,G. F. Unger Sonder-Edition - Folge 003_ Texas-Marshal (German Edition)_03,Error,non-chapter,None,"Error code: 404 - {'error': {'message': 'No endpoints found matching your data policy (Free model publication). Configure: https://openrouter.ai/settings/privacy', 'code': 404}}"
2026-01-19T17:34:43.971280,G. F. Unger Sonder-Edition - Folge 003_ Texas-Marshal (German Edition)_04,Error,non-chapter,None,"Error code: 404 - {'error': {'message': 'No endpoints found matching your data policy (Free model publication). Configure: https://openrouter.ai/settings/privacy', 'code': 404}}"
2026-01-19T17:34:44.004173,G. F. Unger Sonder-Edition - Folge 003_ Texas-Marshal (German Edition)_05,Error,explicit_chapter,None,"Error code: 404 - {'error': {'message': 'No endpoints found matching your data policy (Free model publication). Configure: https://openrouter.ai/settings/privacy', 'code': 404}}"
2026-01-19T17:34:44.044812,G. F. Unger Sonder-Edition - Folge 003_ Texas-Marshal (German Edition)_06,Error,explicit_chapter,None,"Error code: 404 - {'error': {'message': 'No endpoints found matching your data policy (Free model publication). Configure: https://openrouter.ai/settings/privacy', 'code': 404}}"
2026-01-19T17:34:44.080219,G. F. Unger Sonder-Edition - Folge 003_ Texas-Marshal (German Edition)_07,Error,explicit_chapter,None,"Error code: 404 - {'error': {'message': 'No endpoints found matching your data policy (Free model publication). Configure: https://openrouter.ai/settings/privacy', 'code': 404}}"
2026-01-19T17:34:44.119251,G. F. Unger Sonder-Edition - Folge 003_ Texas-Marshal (German Edition)_08,Error,explicit_chapter,None,"Error code: 404 - {'error': {'message': 'No endpoints found matching your data policy (Free model publication). Configure: https://openrouter.ai/settings/privacy', 'code': 404}}"
2026-01-19T17:34:44.156838,G. F. Unger Sonder-Edition - Folge 003_ Texas-Marshal (German Edition)_09,Error,explicit_chapter,None,"Error code: 404 - {'error': {'message': 'No endpoints found matching your data policy (Free model publication). Configure: https://openrouter.ai/settings/privacy', 'code': 404}}"
2026-01-19T17:34:44.202806,G. F. Unger Sonder-Edition - Folge 003_ Texas-Marshal (German Edition)_10,Error,explicit_chapter,None,"Error code: 404 - {'error': {'message': 'No endpoints found matching your data policy (Free model publication). Configure: https://openrouter.ai/settings/privacy', 'code': 404}}"
2026-01-19T17:34:44.235858,G. F. Unger Sonder-Edition - Folge 003_ Texas-Marshal (German Edition)_11,Error,explicit_chapter,None,"Error code: 404 - {'error': {'message': 'No endpoints found matching your data policy (Free model publication). Configure: https://openrouter.ai/settings/privacy', 'code': 404}}"
2026-01-19T17:34:44.276444,G. F. Unger Sonder-Edition - Folge 003_ Texas-Marshal (German Edition)_12,Error,explicit_chapter,None,"Error code: 404 - {'error': {'message': 'No endpoints found matching your data policy (Free model publication). Configure: https://openrouter.ai/settings/privacy', 'code': 404}}"
2026-01-19T17:34:44.316687,G. F. Unger Sonder-Edition - Folge 003_ Texas-Marshal (German Edition)_13,Error,explicit_chapter,None,"Error code: 404 - {'error': {'message': 'No endpoints found matching your data policy (Free model publication). Configure: https://openrouter.ai/settings/privacy', 'code': 404}}"
2026-01-19T17:34:44.357948,G. F. Unger Sonder-Edition - Folge 003_ Texas-Marshal (German Edition)_14,Error,explicit_chapter,None,"Error code: 404 - {'error': {'message': 'No endpoints found matching your data policy (Free model publication). Configure: https://openrouter.ai/settings/privacy', 'code': 404}}"
2026-01-19T17:34:44.391625,G. F. Unger Sonder-Edition - Folge 003_ Texas-Marshal (German Edition)_15,Error,explicit_chapter,None,"Error code: 404 - {'error': {'message': 'No endpoints found matching your data policy (Free model publication). Configure: https://openrouter.ai/settings/privacy', 'code': 404}}"
2026-01-19T17:34:44.425117,G. F. Unger Sonder-Edition - Folge 003_ Texas-Marshal (German Edition)_16,Error,explicit_chapter,None,"Error code: 404 - {'error': {'message': 'No endpoints found matching your data policy (Free model publication). Configure: https://openrouter.ai/settings/privacy', 'code': 404}}"
2026-01-19T17:34:44.466321,G. F. Unger Sonder-Edition - Folge 003_ Texas-Marshal (German Edition)_17,Error,explicit_chapter,None,"Error code: 404 - {'error': {'message': 'No endpoints found matching your data policy (Free model publication). Configure: https://openrouter.ai/settings/privacy', 'code': 404}}"
2026-01-19T17:34:44.498508,G. F. Unger Sonder-Edition - Folge 003_ Texas-Marshal (German Edition)_18,Error,non-chapter,None,"Error code: 404 - {'error': {'message': 'No endpoints found matching your data policy (Free model publication). Configure: https://openrouter.ai/settings/privacy', 'code': 404}}"
2026-01-19T17:34:44.533640,G. F. Unger Sonder-Edition - Folge 003_ Texas-Marshal (German Edition)_19,Error,non-chapter,None,"Error code: 404 - {'error': {'message': 'No endpoints found matching your data policy (Free model publication). Configure: https://openrouter.ai/settings/privacy', 'code': 404}}"
2026-01-19T17:34:44.567798,G. F. Unger Sonder-Edition - Folge 003_ Texas-Marshal (German Edition)_20,Error,non-chapter,None,"Error code: 404 - {'error': {'message': 'No endpoints found matching your data policy (Free model publication). Configure: https://openrouter.ai/settings/privacy', 'code': 404}}"
2026-01-19T17:34:44.603919,G. F. Unger Sonder-Edition - Folge 003_ Texas-Marshal (German Edition)_21,Error,non-chapter,None,"Error code: 404 - {'error': {'message': 'No endpoints found matching your data policy (Free model publication). Configure: https://openrouter.ai/settings/privacy', 'code': 404}}"
2026-01-19T17:34:44.637999,G. F. Unger Sonder-Edition - Folge 003_ Texas-Marshal (German Edition)_22,Error,non-chapter,None,"Error code: 404 - {'error': {'message': 'No endpoints found matching your data policy (Free model publication). Configure: https://openrouter.ai/settings/privacy', 'code': 404}}"
2026-01-19T17:34:44.677965,"000347_Jerry_Cotton_-_Folge_3083__Verw_-_Cotton,_Jerry_01",Error,non-chapter,None,"Error code: 404 - {'error': {'message': 'No endpoints found matching your data policy (Free model publication). Configure: https://openrouter.ai/settings/privacy', 'code': 404}}"
2026-01-19T17:34:44.713085,"000347_Jerry_Cotton_-_Folge_3083__Verw_-_Cotton,_Jerry_02",Error,non-chapter,None,"Error code: 404 - {'error': {'message': 'No endpoints found matching your data policy (Free model publication). Configure: https://openrouter.ai/settings/privacy', 'code': 404}}"
2026-01-19T17:34:44.746604,"000347_Jerry_Cotton_-_Folge_3083__Verw_-_Cotton,_Jerry_03",Error,non-chapter,None,"Error code: 404 - {'error': {'message': 'No endpoints found matching your data policy (Free model publication). Configure: https://openrouter.ai/settings/privacy', 'code': 404}}"
2026-01-19T17:34:44.781527,"000347_Jerry_Cotton_-_Folge_3083__Verw_-_Cotton,_Jerry_04",Error,non-chapter,None,"Error code: 404 - {'error': {'message': 'No endpoints found matching your data policy (Free model publication). Configure: https://openrouter.ai/settings/privacy', 'code': 404}}"
2026-01-19T17:34:44.812943,"000347_Jerry_Cotton_-_Folge_3083__Verw_-_Cotton,_Jerry_05_part01",Error,implicit_chapter_stars,None,"Error code: 404 - {'error': {'message': 'No endpoints found matching your data policy (Free model publication). Configure: https://openrouter.ai/settings/privacy', 'code': 404}}"
2026-01-19T17:34:44.847557,"000347_Jerry_Cotton_-_Folge_3083__Verw_-_Cotton,_Jerry_05_part02",Error,implicit_chapter_stars,None,"Error code: 404 - {'error': {'message': 'No endpoints found matching your data policy (Free model publication). Configure: https://openrouter.ai/settings/privacy', 'code': 404}}"
2026-01-19T17:34:44.881924,"000347_Jerry_Cotton_-_Folge_3083__Verw_-_Cotton,_Jerry_05_part03",Error,implicit_chapter_stars,None,"Error code: 404 - {'error': {'message': 'No endpoints found matching your data policy (Free model publication). Configure: https://openrouter.ai/settings/privacy', 'code': 404}}"
2026-01-19T17:34:44.915407,"000347_Jerry_Cotton_-_Folge_3083__Verw_-_Cotton,_Jerry_05_part04",Error,implicit_chapter_stars,None,"Error code: 404 - {'error': {'message': 'No endpoints found matching your data policy (Free model publication). Configure: https://openrouter.ai/settings/privacy', 'code': 404}}"
2026-01-19T17:34:44.948369,"000347_Jerry_Cotton_-_Folge_3083__Verw_-_Cotton,_Jerry_05_part05",Error,implicit_chapter_stars,None,"Error code: 404 - {'error': {'message': 'No endpoints found matching your data policy (Free model publication). Configure: https://openrouter.ai/settings/privacy', 'code': 404}}"
2026-01-19T17:34:44.981991,"000347_Jerry_Cotton_-_Folge_3083__Verw_-_Cotton,_Jerry_05_part06",Error,implicit_chapter_stars,None,"Error code: 404 - {'error': {'message': 'No endpoints found matching your data policy (Free model publication). Configure: https://openrouter.ai/settings/privacy', 'code': 404}}"
2026-01-19T17:34:45.015030,"000347_Jerry_Cotton_-_Folge_3083__Verw_-_Cotton,_Jerry_05_part07",Error,implicit_chapter_stars,None,"Error code: 404 - {'error': {'message': 'No endpoints found matching your data policy (Free model publication). Configure: https://openrouter.ai/settings/privacy', 'code': 404}}"
2026-01-19T17:34:45.053136,"000347_Jerry_Cotton_-_Folge_3083__Verw_-_Cotton,_Jerry_05_part08",Error,implicit_chapter_stars,None,"Error code: 404 - {'error': {'message': 'No endpoints found matching your data policy (Free model publication). Configure: https://openrouter.ai/settings/privacy', 'code': 404}}"
2026-01-19T17:34:45.091413,"000347_Jerry_Cotton_-_Folge_3083__Verw_-_Cotton,_Jerry_05_part09",Error,implicit_chapter_stars,None,"Error code: 404 - {'error': {'message': 'No endpoints found matching your data policy (Free model publication). Configure: https://openrouter.ai/settings/privacy', 'code': 404}}"
2026-01-19T17:34:45.124550,"000347_Jerry_Cotton_-_Folge_3083__Verw_-_Cotton,_Jerry_05_part10",Error,implicit_chapter_stars,None,"Error code: 404 - {'error': {'message': 'No endpoints found matching your data policy (Free model publication). Configure: https://openrouter.ai/settings/privacy', 'code': 404}}"
2026-01-19T17:34:45.164992,"000347_Jerry_Cotton_-_Folge_3083__Verw_-_Cotton,_Jerry_05_part11",Error,implicit_chapter_stars,None,"Error code: 404 - {'error': {'message': 'No endpoints found matching your data policy (Free model publication). Configure: https://openrouter.ai/settings/privacy', 'code': 404}}"
2026-01-19T17:34:45.203480,"000347_Jerry_Cotton_-_Folge_3083__Verw_-_Cotton,_Jerry_05_part12",Error,implicit_chapter_stars,None,"Error code: 404 - {'error': {'message': 'No endpoints found matching your data policy (Free model publication). Configure: https://openrouter.ai/settings/privacy', 'code': 404}}"
2026-01-19T17:34:45.236896,"000347_Jerry_Cotton_-_Folge_3083__Verw_-_Cotton,_Jerry_05_part13",Error,implicit_chapter_stars,None,"Error code: 404 - {'error': {'message': 'No endpoints found matching your data policy (Free model publication). Configure: https://openrouter.ai/settings/privacy', 'code': 404}}"
2026-01-19T17:34:45.270277,"000347_Jerry_Cotton_-_Folge_3083__Verw_-_Cotton,_Jerry_05_part14",Error,implicit_chapter_stars,None,"Error code: 404 - {'error': {'message': 'No endpoints found matching your data policy (Free model publication). Configure: https://openrouter.ai/settings/privacy', 'code': 404}}"
2026-01-19T17:34:45.302208,"000347_Jerry_Cotton_-_Folge_3083__Verw_-_Cotton,_Jerry_05_part15",Error,implicit_chapter_stars,None,"Error code: 404 - {'error': {'message': 'No endpoints found matching your data policy (Free model publication). Configure: https://openrouter.ai/settings/privacy', 'code': 404}}"
2026-01-19T17:34:45.339059,"000347_Jerry_Cotton_-_Folge_3083__Verw_-_Cotton,_Jerry_05_part16",Error,implicit_chapter_stars,None,"Error code: 404 - {'error': {'message': 'No endpoints found matching your data policy (Free model publication). Configure: https://openrouter.ai/settings/privacy', 'code': 404}}"
2026-01-19T17:34:45.370390,"000347_Jerry_Cotton_-_Folge_3083__Verw_-_Cotton,_Jerry_05_part17",Error,implicit_chapter_stars,None,"Error code: 404 - {'error': {'message': 'No endpoints found matching your data policy (Free model publication). Configure: https://openrouter.ai/settings/privacy', 'code': 404}}"
2026-01-19T17:34:45.403260,"000347_Jerry_Cotton_-_Folge_3083__Verw_-_Cotton,_Jerry_05_part18",Error,implicit_chapter_stars,None,"Error code: 404 - {'error': {'message': 'No endpoints found matching your data policy (Free model publication). Configure: https://openrouter.ai/settings/privacy', 'code': 404}}"
2026-01-19T17:34:45.435937,"000347_Jerry_Cotton_-_Folge_3083__Verw_-_Cotton,_Jerry_05_part19",Error,implicit_chapter_stars,None,"Error code: 404 - {'error': {'message': 'No endpoints found matching your data policy (Free model publication). Configure: https://openrouter.ai/settings/privacy', 'code': 404}}"
2026-01-19T17:34:45.469182,"000347_Jerry_Cotton_-_Folge_3083__Verw_-_Cotton,_Jerry_05_part20",Error,implicit_chapter_stars,None,"Error code: 404 - {'error': {'message': 'No endpoints found matching your data policy (Free model publication). Configure: https://openrouter.ai/settings/privacy', 'code': 404}}"
2026-01-19T17:34:45.500732,"000347_Jerry_Cotton_-_Folge_3083__Verw_-_Cotton,_Jerry_05_part21",Error,implicit_chapter_stars,None,"Error code: 404 - {'error': {'message': 'No endpoints found matching your data policy (Free model publication). Configure: https://openrouter.ai/settings/privacy', 'code': 404}}"
2026-01-19T17:34:45.535278,"000347_Jerry_Cotton_-_Folge_3083__Verw_-_Cotton,_Jerry_05_part22",Error,implicit_chapter_stars,None,"Error code: 404 - {'error': {'message': 'No endpoints found matching your data policy (Free model publication). Configure: https://openrouter.ai/settings/privacy', 'code': 404}}"
2026-01-19T17:34:45.568023,"000347_Jerry_Cotton_-_Folge_3083__Verw_-_Cotton,_Jerry_05_part23",Error,implicit_chapter_stars,None,"Error code: 404 - {'error': {'message': 'No endpoints found matching your data policy (Free model publication). Configure: https://openrouter.ai/settings/privacy', 'code': 404}}"
2026-01-19T17:34:45.603259,"000347_Jerry_Cotton_-_Folge_3083__Verw_-_Cotton,_Jerry_05_part24",Error,implicit_chapter_stars,None,"Error code: 404 - {'error': {'message': 'No endpoints found matching your data policy (Free model publication). Configure: https://openrouter.ai/settings/privacy', 'code': 404}}"
2026-01-19T17:34:45.638428,"000347_Jerry_Cotton_-_Folge_3083__Verw_-_Cotton,_Jerry_05_part25",Error,implicit_chapter_stars,None,"Error code: 404 - {'error': {'message': 'No endpoints found matching your data policy (Free model publication). Configure: https://openrouter.ai/settings/privacy', 'code': 404}}"
2026-01-19T17:34:45.677990,"000347_Jerry_Cotton_-_Folge_3083__Verw_-_Cotton,_Jerry_05_part26",Error,implicit_chapter_stars,None,"Error code: 404 - {'error': {'message': 'No endpoints found matching your data policy (Free model publication). Configure: https://openrouter.ai/settings/privacy', 'code': 404}}"
2026-01-19T17:34:45.710803,"000347_Jerry_Cotton_-_Folge_3083__Verw_-_Cotton,_Jerry_05_part27",Error,implicit_chapter_stars,None,"Error code: 404 - {'error': {'message': 'No endpoints found matching your data policy (Free model publication). Configure: https://openrouter.ai/settings/privacy', 'code': 404}}"
2026-01-19T17:34:45.743200,"000347_Jerry_Cotton_-_Folge_3083__Verw_-_Cotton,_Jerry_05_part28",Error,implicit_chapter_stars,None,"Error code: 404 - {'error': {'message': 'No endpoints found matching your data policy (Free model publication). Configure: https://openrouter.ai/settings/privacy', 'code': 404}}"
2026-01-19T17:34:45.777209,"000347_Jerry_Cotton_-_Folge_3083__Verw_-_Cotton,_Jerry_05_part29",Error,implicit_chapter_stars,None,"Error code: 404 - {'error': {'message': 'No endpoints found matching your data policy (Free model publication). Configure: https://openrouter.ai/settings/privacy', 'code': 404}}"
2026-01-19T17:34:45.809140,"000347_Jerry_Cotton_-_Folge_3083__Verw_-_Cotton,_Jerry_05_part30",Error,implicit_chapter_stars,None,"Error code: 404 - {'error': {'message': 'No endpoints found matching your data policy (Free model publication). Configure: https://openrouter.ai/settings/privacy', 'code': 404}}"
2026-01-19T17:34:45.842550,"000347_Jerry_Cotton_-_Folge_3083__Verw_-_Cotton,_Jerry_05_part31",Error,implicit_chapter_stars,None,"Error code: 404 - {'error': {'message': 'No endpoints found matching your data policy (Free model publication). Configure: https://openrouter.ai/settings/privacy', 'code': 404}}"
2026-01-19T17:34:45.877062,"000347_Jerry_Cotton_-_Folge_3083__Verw_-_Cotton,_Jerry_05_part32",Error,implicit_chapter_stars,None,"Error code: 404 - {'error': {'message': 'No endpoints found matching your data policy (Free model publication). Configure: https://openrouter.ai/settings/privacy', 'code': 404}}"
2026-01-19T17:34:45.913026,"000347_Jerry_Cotton_-_Folge_3083__Verw_-_Cotton,_Jerry_05_part33",Error,implicit_chapter_stars,None,"Error code: 404 - {'error': {'message': 'No endpoints found matching your data policy (Free model publication). Configure: https://openrouter.ai/settings/privacy', 'code': 404}}"
2026-01-19T17:34:45.948104,"000347_Jerry_Cotton_-_Folge_3083__Verw_-_Cotton,_Jerry_05_part34",Error,implicit_chapter_stars,None,"Error code: 404 - {'error': {'message': 'No endpoints found matching your data policy (Free model publication). Configure: https://openrouter.ai/settings/privacy', 'code': 404}}"
2026-01-19T17:34:45.980381,"000347_Jerry_Cotton_-_Folge_3083__Verw_-_Cotton,_Jerry_05_part35",Error,implicit_chapter_stars,None,"Error code: 404 - {'error': {'message': 'No endpoints found matching your data policy (Free model publication). Configure: https://openrouter.ai/settings/privacy', 'code': 404}}"
2026-01-19T17:34:46.015672,"000347_Jerry_Cotton_-_Folge_3083__Verw_-_Cotton,_Jerry_05_part36",Error,implicit_chapter_stars,None,"Error code: 404 - {'error': {'message': 'No endpoints found matching your data policy (Free model publication). Configure: https://openrouter.ai/settings/privacy', 'code': 404}}"
2026-01-19T17:34:46.051768,"000347_Jerry_Cotton_-_Folge_3083__Verw_-_Cotton,_Jerry_05_part37",Error,implicit_chapter_stars,None,"Error code: 404 - {'error': {'message': 'No endpoints found matching your data policy (Free model publication). Configure: https://openrouter.ai/settings/privacy', 'code': 404}}"
2026-01-19T17:34:46.084677,"000347_Jerry_Cotton_-_Folge_3083__Verw_-_Cotton,_Jerry_05_part38",Error,implicit_chapter_stars,None,"Error code: 404 - {'error': {'message': 'No endpoints found matching your data policy (Free model publication). Configure: https://openrouter.ai/settings/privacy', 'code': 404}}"
2026-01-19T17:34:46.118467,"000347_Jerry_Cotton_-_Folge_3083__Verw_-_Cotton,_Jerry_05_part39",Error,implicit_chapter_stars,None,"Error code: 404 - {'error': {'message': 'No endpoints found matching your data policy (Free model publication). Configure: https://openrouter.ai/settings/privacy', 'code': 404}}"
2026-01-19T17:34:46.159100,"000347_Jerry_Cotton_-_Folge_3083__Verw_-_Cotton,_Jerry_05_part40",Error,implicit_chapter_stars,None,"Error code: 404 - {'error': {'message': 'No endpoints found matching your data policy (Free model publication). Configure: https://openrouter.ai/settings/privacy', 'code': 404}}"
2026-01-19T17:34:46.191969,"000347_Jerry_Cotton_-_Folge_3083__Verw_-_Cotton,_Jerry_05_part41",Error,implicit_chapter_stars,None,"Error code: 404 - {'error': {'message': 'No endpoints found matching your data policy (Free model publication). Configure: https://openrouter.ai/settings/privacy', 'code': 404}}"
2026-01-19T17:34:46.230522,"000347_Jerry_Cotton_-_Folge_3083__Verw_-_Cotton,_Jerry_05_part42",Error,implicit_chapter_stars,None,"Error code: 404 - {'error': {'message': 'No endpoints found matching your data policy (Free model publication). Configure: https://openrouter.ai/settings/privacy', 'code': 404}}"
2026-01-19T17:34:46.263235,"000347_Jerry_Cotton_-_Folge_3083__Verw_-_Cotton,_Jerry_05_part43",Error,implicit_chapter_stars,None,"Error code: 404 - {'error': {'message': 'No endpoints found matching your data policy (Free model publication). Configure: https://openrouter.ai/settings/privacy', 'code': 404}}"
2026-01-19T17:34:46.296417,"000347_Jerry_Cotton_-_Folge_3083__Verw_-_Cotton,_Jerry_05_part44",Error,implicit_chapter_stars,None,"Error code: 404 - {'error': {'message': 'No endpoints found matching your data policy (Free model publication). Configure: https://openrouter.ai/settings/privacy', 'code': 404}}"
2026-01-19T17:34:46.332259,"000347_Jerry_Cotton_-_Folge_3083__Verw_-_Cotton,_Jerry_06",Error,non-chapter,None,"Error code: 404 - {'error': {'message': 'No endpoints found matching your data policy (Free model publication). Configure: https://openrouter.ai/settings/privacy', 'code': 404}}"
2026-01-19T17:34:46.370308,"000347_Jerry_Cotton_-_Folge_3083__Verw_-_Cotton,_Jerry_07",Error,non-chapter,None,"Error code: 404 - {'error': {'message': 'No endpoints found matching your data policy (Free model publication). Configure: https://openrouter.ai/settings/privacy', 'code': 404}}"
2026-01-19T17:34:46.404586,"000347_Jerry_Cotton_-_Folge_3083__Verw_-_Cotton,_Jerry_08",Error,non-chapter,None,"Error code: 404 - {'error': {'message': 'No endpoints found matching your data policy (Free model publication). Configure: https://openrouter.ai/settings/privacy', 'code': 404}}"
2026-01-19T17:34:46.441485,"000347_Jerry_Cotton_-_Folge_3083__Verw_-_Cotton,_Jerry_09",Error,explicit_chapter,None,"Error code: 404 - {'error': {'message': 'No endpoints found matching your data policy (Free model publication). Configure: https://openrouter.ai/settings/privacy', 'code': 404}}"
2026-01-19T17:34:46.474360,000151_Fernthaler_Alpengold-265_9783732560165_02,Error,non-chapter,None,"Error code: 404 - {'error': {'message': 'No endpoints found matching your data policy (Free model publication). Configure: https://openrouter.ai/settings/privacy', 'code': 404}}"
2026-01-19T17:34:46.510697,000151_Fernthaler_Alpengold-265_9783732560165_03,Error,non-chapter,None,"Error code: 404 - {'error': {'message': 'No endpoints found matching your data policy (Free model publication). Configure: https://openrouter.ai/settings/privacy', 'code': 404}}"
2026-01-19T17:34:46.548911,000151_Fernthaler_Alpengold-265_9783732560165_04,Error,non-chapter,None,"Error code: 404 - {'error': {'message': 'No endpoints found matching your data policy (Free model publication). Configure: https://openrouter.ai/settings/privacy', 'code': 404}}"
2026-01-19T17:34:46.585886,000151_Fernthaler_Alpengold-265_9783732560165_05_part01,Error,implicit_chapter_stars,None,"Error code: 404 - {'error': {'message': 'No endpoints found matching your data policy (Free model publication). Configure: https://openrouter.ai/settings/privacy', 'code': 404}}"
2026-01-19T17:34:46.624272,000151_Fernthaler_Alpengold-265_9783732560165_05_part02,Error,implicit_chapter_stars,None,"Error code: 404 - {'error': {'message': 'No endpoints found matching your data policy (Free model publication). Configure: https://openrouter.ai/settings/privacy', 'code': 404}}"
2026-01-19T17:34:46.657890,000151_Fernthaler_Alpengold-265_9783732560165_05_part03,Error,implicit_chapter_stars,None,"Error code: 404 - {'error': {'message': 'No endpoints found matching your data policy (Free model publication). Configure: https://openrouter.ai/settings/privacy', 'code': 404}}"
2026-01-19T17:34:46.694565,000151_Fernthaler_Alpengold-265_9783732560165_05_part04,Error,implicit_chapter_stars,None,"Error code: 404 - {'error': {'message': 'No endpoints found matching your data policy (Free model publication). Configure: https://openrouter.ai/settings/privacy', 'code': 404}}"
2026-01-19T17:34:46.728159,000151_Fernthaler_Alpengold-265_9783732560165_05_part05,Error,implicit_chapter_stars,None,"Error code: 404 - {'error': {'message': 'No endpoints found matching your data policy (Free model publication). Configure: https://openrouter.ai/settings/privacy', 'code': 404}}"
2026-01-19T17:34:46.763680,000151_Fernthaler_Alpengold-265_9783732560165_05_part06,Error,implicit_chapter_stars,None,"Error code: 404 - {'error': {'message': 'No endpoints found matching your data policy (Free model publication). Configure: https://openrouter.ai/settings/privacy', 'code': 404}}"
2026-01-19T17:34:46.800306,000151_Fernthaler_Alpengold-265_9783732560165_05_part07,Error,implicit_chapter_stars,None,"Error code: 404 - {'error': {'message': 'No endpoints found matching your data policy (Free model publication). Configure: https://openrouter.ai/settings/privacy', 'code': 404}}"
2026-01-19T17:34:46.836262,000151_Fernthaler_Alpengold-265_9783732560165_05_part08,Error,implicit_chapter_stars,None,"Error code: 404 - {'error': {'message': 'No endpoints found matching your data policy (Free model publication). Configure: https://openrouter.ai/settings/privacy', 'code': 404}}"
2026-01-19T17:34:46.871875,000151_Fernthaler_Alpengold-265_9783732560165_05_part09,Error,implicit_chapter_stars,None,"Error code: 404 - {'error': {'message': 'No endpoints found matching your data policy (Free model publication). Configure: https://openrouter.ai/settings/privacy', 'code': 404}}"
2026-01-19T17:34:46.906552,000151_Fernthaler_Alpengold-265_9783732560165_05_part10,Error,implicit_chapter_stars,None,"Error code: 404 - {'error': {'message': 'No endpoints found matching your data policy (Free model publication). Configure: https://openrouter.ai/settings/privacy', 'code': 404}}"
2026-01-19T17:34:46.945564,000151_Fernthaler_Alpengold-265_9783732560165_05_part11,Error,implicit_chapter_stars,None,"Error code: 404 - {'error': {'message': 'No endpoints found matching your data policy (Free model publication). Configure: https://openrouter.ai/settings/privacy', 'code': 404}}"
2026-01-19T17:34:46.989331,000151_Fernthaler_Alpengold-265_9783732560165_05_part12,Error,implicit_chapter_stars,None,"Error code: 404 - {'error': {'message': 'No endpoints found matching your data policy (Free model publication). Configure: https://openrouter.ai/settings/privacy', 'code': 404}}"
2026-01-19T17:34:47.024054,000151_Fernthaler_Alpengold-265_9783732560165_05_part13,Error,implicit_chapter_stars,None,"Error code: 404 - {'error': {'message': 'No endpoints found matching your data policy (Free model publication). Configure: https://openrouter.ai/settings/privacy', 'code': 404}}"
2026-01-19T17:34:47.074701,000151_Fernthaler_Alpengold-265_9783732560165_05_part14,Error,implicit_chapter_stars,None,"Error code: 404 - {'error': {'message': 'No endpoints found matching your data policy (Free model publication). Configure: https://openrouter.ai/settings/privacy', 'code': 404}}"
2026-01-19T17:34:47.109834,000151_Fernthaler_Alpengold-265_9783732560165_05_part15,Error,implicit_chapter_stars,None,"Error code: 404 - {'error': {'message': 'No endpoints found matching your data policy (Free model publication). Configure: https://openrouter.ai/settings/privacy', 'code': 404}}"
2026-01-19T17:34:47.145364,000151_Fernthaler_Alpengold-265_9783732560165_05_part16,Error,implicit_chapter_stars,None,"Error code: 404 - {'error': {'message': 'No endpoints found matching your data policy (Free model publication). Configure: https://openrouter.ai/settings/privacy', 'code': 404}}"
2026-01-19T17:34:47.180628,000151_Fernthaler_Alpengold-265_9783732560165_05_part17,Error,implicit_chapter_stars,None,"Error code: 404 - {'error': {'message': 'No endpoints found matching your data policy (Free model publication). Configure: https://openrouter.ai/settings/privacy', 'code': 404}}"
2026-01-19T17:34:47.211537,000151_Fernthaler_Alpengold-265_9783732560165_05_part18,Error,implicit_chapter_stars,None,"Error code: 404 - {'error': {'message': 'No endpoints found matching your data policy (Free model publication). Configure: https://openrouter.ai/settings/privacy', 'code': 404}}"
2026-01-19T17:34:47.247046,000151_Fernthaler_Alpengold-265_9783732560165_05_part19,Error,implicit_chapter_stars,None,"Error code: 404 - {'error': {'message': 'No endpoints found matching your data policy (Free model publication). Configure: https://openrouter.ai/settings/privacy', 'code': 404}}"
2026-01-19T17:34:47.286717,000151_Fernthaler_Alpengold-265_9783732560165_05_part20,Error,implicit_chapter_stars,None,"Error code: 404 - {'error': {'message': 'No endpoints found matching your data policy (Free model publication). Configure: https://openrouter.ai/settings/privacy', 'code': 404}}"
2026-01-19T17:34:47.333450,000151_Fernthaler_Alpengold-265_9783732560165_05_part21,Error,implicit_chapter_stars,None,"Error code: 404 - {'error': {'message': 'No endpoints found matching your data policy (Free model publication). Configure: https://openrouter.ai/settings/privacy', 'code': 404}}"
2026-01-19T17:34:47.366894,000151_Fernthaler_Alpengold-265_9783732560165_05_part22,Error,implicit_chapter_stars,None,"Error code: 404 - {'error': {'message': 'No endpoints found matching your data policy (Free model publication). Configure: https://openrouter.ai/settings/privacy', 'code': 404}}"
2026-01-19T17:34:47.400994,000151_Fernthaler_Alpengold-265_9783732560165_05_part23,Error,implicit_chapter_stars,None,"Error code: 404 - {'error': {'message': 'No endpoints found matching your data policy (Free model publication). Configure: https://openrouter.ai/settings/privacy', 'code': 404}}"
2026-01-19T17:34:47.435022,000151_Fernthaler_Alpengold-265_9783732560165_06,Error,non-chapter,None,"Error code: 404 - {'error': {'message': 'No endpoints found matching your data policy (Free model publication). Configure: https://openrouter.ai/settings/privacy', 'code': 404}}"
2026-01-19T17:34:47.469183,000151_Fernthaler_Alpengold-265_9783732560165_07,Error,non-chapter,None,"Error code: 404 - {'error': {'message': 'No endpoints found matching your data policy (Free model publication). Configure: https://openrouter.ai/settings/privacy', 'code': 404}}"
2026-01-19T17:34:47.503094,000151_Fernthaler_Alpengold-265_9783732560165_08,Error,non-chapter,None,"Error code: 404 - {'error': {'message': 'No endpoints found matching your data policy (Free model publication). Configure: https://openrouter.ai/settings/privacy', 'code': 404}}"
2026-01-19T17:37:39.584914,000533_Kufsteiner_Das-Berghotel-112_9783732528110_03,Success,non-chapter,LLM-Wrapped,
2026-01-19T17:37:44.812196,000533_Kufsteiner_Das-Berghotel-112_9783732528110_04,Success,non-chapter,LLM-Wrapped,
2026-01-19T17:37:56.422893,000533_Kufsteiner_Das-Berghotel-112_9783732528110_05_part01,Success,implicit_chapter_stars,Script-Wrapped,
2026-01-19T17:38:15.256780,000533_Kufsteiner_Das-Berghotel-112_9783732528110_05_part02,Success,implicit_chapter_stars,Script-Wrapped,
2026-01-19T17:58:38.777056,000533_Kufsteiner_Das-Berghotel-112_9783732528110_05_part03,Success,implicit_chapter_stars,Script-Wrapped,
2026-01-19T17:59:05.689641,000533_Kufsteiner_Das-Berghotel-112_9783732528110_05_part04,Success,implicit_chapter_stars,Script-Wrapped,
2026-01-19T18:00:51.030025,000533_Kufsteiner_Das-Berghotel-112_9783732528110_05_part05,Success,implicit_chapter_stars,Script-Wrapped,
2026-01-19T18:02:14.450587,000533_Kufsteiner_Das-Berghotel-112_9783732528110_05_part06,Success,implicit_chapter_stars,Script-Wrapped,
2026-01-19T18:03:23.266302,000533_Kufsteiner_Das-Berghotel-112_9783732528110_05_part07,Success,implicit_chapter_stars,Script-Wrapped,
2026-01-20T14:42:57.959370,000533_Kufsteiner_Das-Berghotel-112_9783732528110_05_part01,Success,implicit_chapter_stars,Script-Wrapped,
2026-01-20T14:43:17.490606,000533_Kufsteiner_Das-Berghotel-112_9783732528110_05_part02,Success,implicit_chapter_stars,Script-Wrapped,
2026-01-20T14:43:59.442208,000533_Kufsteiner_Das-Berghotel-112_9783732528110_05_part03,Success,implicit_chapter_stars,Script-Wrapped,
2026-01-20T14:44:48.131089,000533_Kufsteiner_Das-Berghotel-112_9783732528110_05_part04,Success,implicit_chapter_stars,Script-Wrapped,
2026-01-20T14:46:07.219259,000533_Kufsteiner_Das-Berghotel-112_9783732528110_05_part05,Success,implicit_chapter_stars,Script-Wrapped,
2026-01-20T14:46:58.554486,000533_Kufsteiner_Das-Berghotel-112_9783732528110_05_part06,Success,implicit_chapter_stars,Script-Wrapped,
2026-01-20T14:47:24.055845,000533_Kufsteiner_Das-Berghotel-112_9783732528110_05_part07,Success,implicit_chapter_stars,Script-Wrapped,
2026-01-20T15:42:04.049341,"000044_COLLECTION_BACCARA_BAND_362_-_Maureen_Smith,_Jennifer_Greene,_Andrea_Lau_05_02",Success,explicit_chapter,Script-Wrapped,
2026-01-20T15:44:28.171766,"000044_COLLECTION_BACCARA_BAND_362_-_Maureen_Smith,_Jennifer_Greene,_Andrea_Lau_05_03",Success,explicit_chapter,Script-Wrapped,
2026-01-20T15:46:02.586049,"000044_COLLECTION_BACCARA_BAND_362_-_Maureen_Smith,_Jennifer_Greene,_Andrea_Lau_05_04",Success,explicit_chapter,Script-Wrapped,
2026-01-20T15:49:39.177078,"000044_COLLECTION_BACCARA_BAND_362_-_Maureen_Smith,_Jennifer_Greene,_Andrea_Lau_05_05",Success,explicit_chapter,Script-Wrapped,
2026-01-20T15:53:05.686907,"000044_COLLECTION_BACCARA_BAND_362_-_Maureen_Smith,_Jennifer_Greene,_Andrea_Lau_05_06",Success,explicit_chapter,Script-Wrapped,
2026-01-21T18:21:05.752533,000533_Kufsteiner_Das-Berghotel-112_9783732528110_05_part09,Success,implicit_chapter_stars,Script-Wrapped,
2026-01-21T18:22:30.204009,000533_Kufsteiner_Das-Berghotel-112_9783732528110_05_part10,Success,implicit_chapter_stars,Script-Wrapped,
2026-01-21T18:43:35.368892,000533_Kufsteiner_Das-Berghotel-112_9783732528110_05_part10,Success,implicit_chapter_stars,Script-Wrapped,
2026-01-21T18:47:01.800018,000533_Kufsteiner_Das-Berghotel-112_9783732528110_05_part10,Success,implicit_chapter_stars,Script-Wrapped,
2026-01-23T18:17:55.402028,000796_Seeberg_Fuersten-Roman-2631_9783751711548_03_part32,Error,implicit_chapter_jpg,None,name 'closing_tag' is not defined
2026-01-23T18:18:03.969001,000796_Seeberg_Fuersten-Roman-2631_9783751711548_03_part33,Error,implicit_chapter_jpg,None,name 'closing_tag' is not defined
2026-01-23T18:22:23.203446,000796_Seeberg_Fuersten-Roman-2631_9783751711548_03_part32,Success,implicit_chapter_jpg,Script-Wrapped,
2026-01-23T18:22:31.535503,000796_Seeberg_Fuersten-Roman-2631_9783751711548_03_part33,Success,implicit_chapter_jpg,Script-Wrapped,
2026-01-27T11:16:31.562577,000796_Seeberg_Fuersten-Roman-2631_9783751711548_02,Success,non-chapter,LLM-Wrapped,
2026-01-27T11:17:08.448259,000796_Seeberg_Fuersten-Roman-2631_9783751711548_03_part01,Success,implicit_chapter_jpg,Script-Wrapped,
2026-01-27T11:17:30.891198,000796_Seeberg_Fuersten-Roman-2631_9783751711548_03_part02,Success,implicit_chapter_jpg,Script-Wrapped,
2026-01-27T11:30:20.414061,000796_Seeberg_Fuersten-Roman-2631_9783751711548_01,Success,non-chapter,LLM-Wrapped,
2026-01-27T11:32:43.202310,000796_Seeberg_Fuersten-Roman-2631_9783751711548_01,Success,non-chapter,LLM-Wrapped,
2026-01-27T11:32:45.235069,000796_Seeberg_Fuersten-Roman-2631_9783751711548_02,Success,non-chapter,LLM-Wrapped,
2026-01-27T12:27:03.547841,000796_Seeberg_Fuersten-Roman-2631_9783751711548_01,Success,non-chapter,LLM-Wrapped,YES,no,
2026-01-27T12:27:05.571566,000796_Seeberg_Fuersten-Roman-2631_9783751711548_02,Success,non-chapter,LLM-Wrapped,no,no,
2026-01-27T12:48:34.147680,000796_Seeberg_Fuersten-Roman-2631_9783751711548_01,Success,non-chapter,LLM-Wrapped,has <uncertain>,no,
2026-01-27T12:48:35.947297,000796_Seeberg_Fuersten-Roman-2631_9783751711548_02,Success,non-chapter,LLM-Wrapped,no,no,
